,dbnos,assists,boosts,damage_dealt,death_type,headshot_kills,heals,kill_place,kill_streaks,kills,longest_kill,name,player_id,revives,ride_distance,road_kills,swim_distance,team_kills,time_survived,vehicle_destroys,walk_distance,weapons_acquired,match_mapName,match_duration,match_createdAt,roster_rank,roster_won,tournament_id,tournament_createdAt,team_name,relative_time_survived,total_distance,relative_rank
54919,1.0,3.0,2.0,395.46014,byplayer,0.0,1.0,18.0,0.0,1.0,4.502374,dg98,account.00840193a1ee45bc8c4ca8f91738bcaf,0.0,1881.8176,0.0,0.0,0.0,1847.545,0.0,1506.0413,7.0,Miramar,1847.0,2020-10-09 09:42:07+00:00,2.0,False,as-pcs3kr,2020-09-10 09:30:46+00:00,vsg,1.0,3387.859,0.125
54988,2.0,1.0,3.0,386.16888,byplayer,1.0,5.0,13.0,0.0,2.0,244.03766,dg98,account.00840193a1ee45bc8c4ca8f91738bcaf,0.0,2081.973,0.0,0.0,0.0,1498.792,0.0,1403.5625,5.0,Miramar,1551.0,2020-09-26 10:20:44+00:00,5.0,False,as-pcs3kr,2020-09-10 09:30:46+00:00,vsg,0.9663391,3485.5354,0.3125
55068,0.0,0.0,1.0,0.0,byplayer,0.0,0.0,54.0,0.0,0.0,0.0,dg98,account.00840193a1ee45bc8c4ca8f91738bcaf,0.0,5703.906,0.0,0.0,0.0,1098.276,0.0,993.2464,4.0,Miramar,1801.0,2020-09-25 10:28:20+00:00,11.0,False,as-pcs3kr,2020-09-10 09:30:46+00:00,vsg,0.6098145,6697.1523,0.6875
55136,0.0,0.0,0.0,78.659996,byplayer,0.0,0.0,62.0,0.0,0.0,0.0,dg98,account.00840193a1ee45bc8c4ca8f91738bcaf,0.0,2413.0398,0.0,0.0,0.0,376.239,0.0,181.41621,3.0,Erangel (Remastered),1858.0,2020-09-19 11:13:26+00:00,16.0,False,as-pcs3kr,2020-09-10 09:30:46+00:00,vsg,0.20249678,2594.456,1.0
55176,1.0,1.0,4.0,288.33072,byplayer,0.0,7.0,14.0,0.0,1.0,11.643798,dg98,account.00840193a1ee45bc8c4ca8f91738bcaf,1.0,8282.809,0.0,0.0,0.0,1845.78,0.0,1241.5066,6.0,Erangel (Remastered),1848.0,2020-09-19 10:27:38+00:00,1.0,True,as-pcs3kr,2020-09-10 09:30:46+00:00,vsg,0.9987987,9524.315,0.0625
55260,2.0,0.0,1.0,559.17334,alive,1.0,1.0,2.0,0.0,4.0,116.28769,dg98,account.00840193a1ee45bc8c4ca8f91738bcaf,0.0,4833.3135,0.0,0.0,0.0,1875.255,0.0,1600.0211,5.0,Erangel (Remastered),1875.0,2020-09-18 10:27:07+00:00,1.0,True,as-pcs3kr,2020-09-10 09:30:46+00:00,vsg,1.0,6433.3345,0.0625
55340,0.0,2.0,3.0,425.42505,byplayer,0.0,1.0,31.0,0.0,0.0,0.0,dg98,account.00840193a1ee45bc8c4ca8f91738bcaf,0.0,2116.7554,0.0,0.0,0.0,1626.63,0.0,1667.973,6.0,Erangel (Remastered),1634.0,2020-10-10 11:23:06+00:00,2.0,False,as-pcs3kr,2020-09-10 09:30:46+00:00,vsg,0.9954896,3784.7285,0.125
55408,1.0,0.0,3.0,155.9207,byplayer,0.0,5.0,25.0,0.0,1.0,2.7879395,dg98,account.00840193a1ee45bc8c4ca8f91738bcaf,1.0,4091.1963,0.0,0.0,0.0,1322.139,0.0,1011.9751,4.0,Erangel (Remastered),1848.0,2020-10-09 11:17:11+00:00,8.0,False,as-pcs3kr,2020-09-10 09:30:46+00:00,vsg,0.7154432,5103.1714,0.5
55439,0.0,0.0,2.0,72.336525,byplayer,0.0,11.0,46.0,0.0,0.0,0.0,dg98,account.00840193a1ee45bc8c4ca8f91738bcaf,1.0,4429.1006,0.0,0.0,0.0,1320.463,0.0,1244.3021,5.0,Miramar,1738.0,2020-09-25 11:55:27+00:00,10.0,False,as-pcs3kr,2020-09-10 09:30:46+00:00,vsg,0.7597601,5673.403,0.625
55506,5.0,1.0,6.0,350.71365,byplayer,3.0,10.0,5.0,0.0,4.0,314.39633,dg98,account.00840193a1ee45bc8c4ca8f91738bcaf,0.0,5233.1055,0.0,0.0,0.0,1682.328,0.0,1036.3972,6.0,Erangel (Remastered),1853.0,2020-09-18 11:55:11+00:00,4.0,False,as-pcs3kr,2020-09-10 09:30:46+00:00,vsg,0.90789425,6269.503,0.25
55611,0.0,0.0,3.0,55.2,byplayer,0.0,1.0,61.0,0.0,0.0,0.0,dg98,account.00840193a1ee45bc8c4ca8f91738bcaf,0.0,8399.543,0.0,0.0,0.0,1016.718,0.0,523.70844,5.0,Erangel (Remastered),1615.0,2020-10-10 12:06:16+00:00,16.0,False,as-pcs3kr,2020-09-10 09:30:46+00:00,vsg,0.62954676,8923.251,1.0
55684,1.0,0.0,6.0,179.34744,byplayer,0.0,2.0,3.0,0.0,4.0,298.0692,dg98,account.00840193a1ee45bc8c4ca8f91738bcaf,1.0,7547.6323,0.0,0.0,0.0,1578.188,2.0,1169.9689,6.0,Miramar,1885.0,2020-09-26 11:42:20+00:00,6.0,False,as-pcs3kr,2020-09-10 09:30:46+00:00,vsg,0.83723503,8717.602,0.375
55792,0.0,0.0,0.0,187.22536,byplayer,0.0,0.0,37.0,0.0,0.0,0.0,dg98,account.00840193a1ee45bc8c4ca8f91738bcaf,0.0,2408.1409,0.0,0.0,0.0,1615.39,0.0,2296.627,8.0,Miramar,1661.0,2020-09-26 11:01:03+00:00,2.0,False,as-pcs3kr,2020-09-10 09:30:46+00:00,vsg,0.9725407,4704.7676,0.125
55814,1.0,0.0,3.0,229.82135,byplayer,0.0,3.0,25.0,0.0,1.0,9.377178,dg98,account.00840193a1ee45bc8c4ca8f91738bcaf,0.0,4622.0293,0.0,0.0,0.0,1271.376,0.0,769.2018,8.0,Erangel (Remastered),1807.0,2020-09-18 11:10:57+00:00,9.0,False,as-pcs3kr,2020-09-10 09:30:46+00:00,vsg,0.70358384,5391.231,0.5625
55885,1.0,2.0,1.0,339.53632,byplayer,0.0,0.0,25.0,0.0,1.0,40.386105,dg98,account.00840193a1ee45bc8c4ca8f91738bcaf,0.0,1639.2853,0.0,0.0,0.0,1398.7,0.0,1279.1771,6.0,Miramar,1830.0,2020-09-18 09:39:00+00:00,8.0,False,as-pcs3kr,2020-09-10 09:30:46+00:00,vsg,0.7643169,2918.4624,0.5
55946,1.0,3.0,2.0,484.81516,byplayer,0.0,3.0,6.0,0.0,3.0,31.050406,dg98,account.00840193a1ee45bc8c4ca8f91738bcaf,0.0,1581.5483,0.0,0.0,0.0,1855.914,1.0,962.50494,7.0,Miramar,1856.0,2020-09-18 08:55:14+00:00,2.0,False,as-pcs3kr,2020-09-10 09:30:46+00:00,vsg,0.9999536,2544.0532,0.125
56171,1.0,1.0,4.0,213.89803,byplayer,1.0,7.0,28.0,0.0,1.0,25.584057,dg98,account.00840193a1ee45bc8c4ca8f91738bcaf,0.0,3012.2275,0.0,0.0,0.0,1290.286,0.0,1260.1621,5.0,Erangel (Remastered),1848.0,2020-09-25 08:56:07+00:00,9.0,False,as-pcs3kr,2020-09-10 09:30:46+00:00,vsg,0.6982067,4272.3896,0.5625
56220,0.0,0.0,1.0,33.39,byplayer,0.0,1.0,51.0,0.0,0.0,0.0,dg98,account.00840193a1ee45bc8c4ca8f91738bcaf,0.0,8813.154,0.0,0.0,0.0,1036.096,0.0,467.15384,3.0,Miramar,1821.0,2020-09-19 09:39:44+00:00,13.0,False,as-pcs3kr,2020-09-10 09:30:46+00:00,vsg,0.56897086,9280.309,0.8125
56290,1.0,0.0,2.0,126.30732,byplayer,0.0,0.0,33.0,0.0,1.0,10.53336,dg98,account.00840193a1ee45bc8c4ca8f91738bcaf,0.0,5218.576,0.0,0.0,0.0,1106.834,0.0,994.3093,7.0,Miramar,1699.0,2020-09-19 08:58:35+00:00,14.0,False,as-pcs3kr,2020-09-10 09:30:46+00:00,vsg,0.651462,6212.8857,0.875
56315,1.0,0.0,5.0,87.15558,byplayer,0.0,12.0,47.0,0.0,0.0,0.0,dg98,account.00840193a1ee45bc8c4ca8f91738bcaf,1.0,5520.471,0.0,0.0,0.0,1296.6,1.0,742.48706,5.0,Erangel (Remastered),1790.0,2020-10-10 10:37:31+00:00,10.0,False,as-pcs3kr,2020-09-10 09:30:46+00:00,vsg,0.72435755,6262.958,0.625
56418,3.0,0.0,3.0,341.83658,byplayer,0.0,2.0,20.0,0.0,2.0,85.525665,dg98,account.00840193a1ee45bc8c4ca8f91738bcaf,0.0,5269.525,0.0,0.0,0.0,1142.504,1.0,974.2958,6.0,Erangel (Remastered),1858.0,2020-10-09 10:32:08+00:00,12.0,False,as-pcs3kr,2020-09-10 09:30:46+00:00,vsg,0.61491066,6243.821,0.75
56496,1.0,0.0,1.0,111.85471,byplayer,0.0,1.0,35.0,0.0,1.0,9.581168,dg98,account.00840193a1ee45bc8c4ca8f91738bcaf,0.0,1444.0269,0.0,0.0,0.0,818.732,0.0,741.27026,4.0,Miramar,1778.0,2020-10-09 08:53:09+00:00,16.0,False,as-pcs3kr,2020-09-10 09:30:46+00:00,vsg,0.4604792,2185.297,1.0
56533,0.0,1.0,4.0,89.503235,byplayer,0.0,13.0,52.0,0.0,0.0,0.0,dg98,account.00840193a1ee45bc8c4ca8f91738bcaf,0.0,7101.5913,0.0,0.0,0.0,1223.208,0.0,814.6613,4.0,Erangel (Remastered),1744.0,2020-09-26 09:35:43+00:00,13.0,False,as-pcs3kr,2020-09-10 09:30:46+00:00,vsg,0.7013807,7916.2524,0.8125
56811,0.0,0.0,4.0,71.702805,byplayer,0.0,6.0,38.0,0.0,0.0,0.0,dg98,account.00840193a1ee45bc8c4ca8f91738bcaf,0.0,2614.4214,0.0,0.0,0.0,1330.483,0.0,1539.8413,5.0,Miramar,1839.0,2020-10-10 09:48:42+00:00,5.0,False,as-pcs3kr,2020-09-10 09:30:46+00:00,vsg,0.7234818,4154.2627,0.3125
56831,0.0,0.0,4.0,139.17361,byplayer,0.0,4.0,36.0,0.0,0.0,0.0,dg98,account.00840193a1ee45bc8c4ca8f91738bcaf,0.0,496.25513,0.0,0.0,0.0,1635.861,0.0,2696.8865,6.0,Miramar,1867.0,2020-10-10 08:58:32+00:00,4.0,False,as-pcs3kr,2020-09-10 09:30:46+00:00,vsg,0.87619764,3193.1416,0.25
56883,1.0,0.0,5.0,153.85469,byplayer,0.0,2.0,22.0,0.0,1.0,7.0238533,dg98,account.00840193a1ee45bc8c4ca8f91738bcaf,0.0,9496.378,0.0,0.0,0.0,1440.809,0.0,988.7036,4.0,Erangel (Remastered),1711.0,2020-10-09 12:02:19+00:00,10.0,False,as-pcs3kr,2020-09-10 09:30:46+00:00,vsg,0.8420859,10485.082,0.625
57008,1.0,0.0,3.0,54.9901,byplayer,1.0,1.0,30.0,0.0,1.0,21.323042,dg98,account.00840193a1ee45bc8c4ca8f91738bcaf,0.0,7936.1265,0.0,0.0,0.0,1186.632,0.0,616.4462,4.0,Erangel (Remastered),1782.0,2020-09-25 09:41:44+00:00,14.0,False,as-pcs3kr,2020-09-10 09:30:46+00:00,vsg,0.665899,8552.572,0.875
57038,1.0,0.0,0.0,156.58002,byplayer,0.0,0.0,28.0,0.0,1.0,46.127544,dg98,account.00840193a1ee45bc8c4ca8f91738bcaf,0.0,2200.2637,0.0,0.0,0.0,419.496,0.0,259.06827,5.0,Erangel (Remastered),1855.0,2020-09-19 11:57:26+00:00,16.0,False,as-pcs3kr,2020-09-10 09:30:46+00:00,vsg,0.2261434,2459.332,1.0
57092,1.0,0.0,1.0,157.60994,byplayer,0.0,1.0,30.0,0.0,1.0,62.709244,dg98,account.00840193a1ee45bc8c4ca8f91738bcaf,0.0,6057.502,0.0,0.0,0.0,845.367,0.0,499.4531,3.0,Erangel (Remastered),1729.0,2020-09-26 08:53:15+00:00,15.0,False,as-pcs3kr,2020-09-10 09:30:46+00:00,vsg,0.48893407,6556.955,0.9375
57177,0.0,0.0,2.0,35.539177,byplayer,0.0,6.0,57.0,0.0,0.0,0.0,dg98,account.00840193a1ee45bc8c4ca8f91738bcaf,0.0,9630.908,0.0,0.0,0.0,1033.31,0.0,496.20914,5.0,Miramar,1835.0,2020-09-25 11:10:57+00:00,14.0,False,as-pcs3kr,2020-09-10 09:30:46+00:00,vsg,0.5631117,10127.117,0.875
79463,0.0,1.0,4.0,0.0,byplayer,0.0,4.0,35.0,0.0,0.0,0.0,dg98,account.8824ad1ca76b4f778379a0a44fa432f4,0.0,6731.1714,0.0,0.0,0.0,1431.687,0.0,942.625,7.0,Erangel (Remastered),1850.0,2020-08-15 10:58:48+00:00,5.0,False,as-pcs2kr,2020-07-23 09:32:09+00:00,vsg,0.7738849,7673.7964,0.3125
79487,0.0,0.0,3.0,208.08041,byplayer,0.0,6.0,22.0,0.0,1.0,43.857876,dg98,account.42a72c2f74e0457c9c91dc681f457d5a,1.0,3432.9724,0.0,0.0,0.0,1694.008,0.0,1229.7468,5.0,Miramar,1829.0,2020-08-15 10:01:34+00:00,6.0,False,as-pcs2kr,2020-07-23 09:32:09+00:00,vsg,0.9261936,4662.719,0.375
79547,0.0,0.0,3.0,164.32402,byplayer,0.0,3.0,39.0,0.0,0.0,0.0,dg98,account.d8458e6f1e9c4905a7d27d30f9460cdb,2.0,7874.4307,0.0,0.0,0.0,1806.609,0.0,2015.7212,2.0,Erangel (Remastered),1806.0,2020-08-14 12:28:38+00:00,2.0,False,as-pcs2kr,2020-07-23 09:32:09+00:00,vsg,1.0,9890.152,0.125
79633,0.0,0.0,0.0,177.91962,byplayer,0.0,0.0,35.0,0.0,0.0,0.0,dg98,account.70ef002165eb494eb7462c1ce83a7a4d,0.0,3127.3418,0.0,0.0,0.0,1156.188,0.0,1142.0396,5.0,Erangel (Remastered),1782.0,2020-08-01 11:56:09+00:00,4.0,False,as-pcs2kr,2020-07-23 09:32:09+00:00,vsg,0.6488148,4269.3813,0.25
79690,2.0,2.0,2.0,222.29689,byplayer,1.0,1.0,12.0,0.0,2.0,342.29785,dg98,account.8b10da5d9a624cefb8a29033d423371d,0.0,1700.2292,0.0,0.0,0.0,1549.096,0.0,2440.292,6.0,Miramar,1872.0,2020-08-01 09:07:35+00:00,7.0,False,as-pcs2kr,2020-07-23 09:32:09+00:00,vsg,0.8275085,4140.5215,0.4375
79791,0.0,0.0,0.0,0.0,byplayer,0.0,1.0,64.0,0.0,0.0,0.0,dg98,account.4cc249934175410cae31b8e02420854c,0.0,6509.54,0.0,0.0,0.0,780.498,0.0,917.15295,6.0,Erangel (Remastered),1777.0,2020-07-31 12:30:15+00:00,16.0,False,as-pcs2kr,2020-07-23 09:32:09+00:00,vsg,0.43922228,7426.693,1.0
79901,1.0,1.0,1.0,332.81995,byplayer,1.0,0.0,12.0,0.0,2.0,101.24697,dg98,account.df476a4fcffd4387adc4a35a7a46a7a7,0.0,3989.2686,0.0,0.0,0.0,1296.597,0.0,758.486,5.0,Erangel (Remastered),1818.0,2020-08-15 11:49:07+00:00,7.0,False,as-pcs2kr,2020-07-23 09:32:09+00:00,vsg,0.7131997,4747.7544,0.4375
80028,0.0,0.0,4.0,32.768993,byplayer,0.0,1.0,62.0,0.0,0.0,0.0,dg98,account.8b10da5d9a624cefb8a29033d423371d,0.0,7465.86,0.0,0.0,0.0,778.94,0.0,900.889,8.0,Miramar,1661.0,2020-08-01 09:59:58+00:00,15.0,False,as-pcs2kr,2020-07-23 09:32:09+00:00,vsg,0.46895847,8366.749,0.9375
80130,0.0,0.0,2.0,0.0,byplayer,0.0,1.0,36.0,0.0,0.0,0.0,dg98,account.8f2e20cdd15542e68e384926ed9aa20e,1.0,1962.232,0.0,0.0,0.0,1224.936,0.0,1019.6409,6.0,Miramar,1798.0,2020-08-07 12:35:22+00:00,4.0,False,as-pcs2kr,2020-07-23 09:32:09+00:00,vsg,0.681277,2981.873,0.25
80213,0.0,0.0,0.0,0.0,byplayer,0.0,0.0,65.0,0.0,0.0,0.0,dg98,account.be98b5cf9efb433cb3c4f4be4ffec4e8,0.0,1536.6233,0.0,0.0,0.0,638.571,0.0,683.3006,8.0,Miramar,1658.0,2020-08-08 12:25:54+00:00,16.0,False,as-pcs2kr,2020-07-23 09:32:09+00:00,vsg,0.38514534,2219.9238,1.0
80274,0.0,0.0,2.0,0.0,byplayer,0.0,0.0,46.0,0.0,0.0,0.0,dg98,account.4cc249934175410cae31b8e02420854c,0.0,8529.156,0.0,69.397255,0.0,1106.622,0.0,929.1933,4.0,Erangel (Remastered),1783.0,2020-07-31 10:55:45+00:00,8.0,False,as-pcs2kr,2020-07-23 09:32:09+00:00,vsg,0.62065166,9527.747,0.5
80435,0.0,0.0,1.0,0.0,byplayer,0.0,1.0,57.0,0.0,0.0,0.0,dg98,account.df476a4fcffd4387adc4a35a7a46a7a7,0.0,7879.2964,0.0,0.0,0.0,686.457,0.0,345.4636,3.0,Erangel (Remastered),1726.0,2020-08-15 12:37:31+00:00,14.0,False,as-pcs2kr,2020-07-23 09:32:09+00:00,vsg,0.3977155,8224.76,0.875
80554,2.0,1.0,4.0,260.63187,byplayer,0.0,3.0,12.0,0.0,2.0,133.92737,dg98,account.4d01e8ed7401459cb856b0baf8844cb1,1.0,3835.13,0.0,0.0,0.0,1285.659,0.0,1589.7059,5.0,Miramar,1850.0,2020-08-08 10:37:55+00:00,9.0,False,as-pcs2kr,2020-07-23 09:32:09+00:00,vsg,0.6949508,5424.836,0.5625
80601,1.0,0.0,4.0,151.05444,byplayer,0.0,1.0,7.0,0.0,2.0,35.82151,dg98,account.3b03d0ed999d4f7e9b7e838277ca75fd,0.0,5439.333,0.0,0.0,0.0,1693.729,0.0,1242.46,5.0,Erangel (Remastered),1872.0,2020-08-08 09:45:58+00:00,4.0,False,as-pcs2kr,2020-07-23 09:32:09+00:00,vsg,0.9047698,6681.793,0.25
80676,1.0,0.0,0.0,100.0,byplayer,0.0,1.0,57.0,0.0,0.0,0.0,dg98,account.3b03d0ed999d4f7e9b7e838277ca75fd,1.0,9900.958,0.0,0.0,0.0,1057.338,0.0,560.2517,4.0,Erangel (Remastered),1664.0,2020-08-08 09:02:54+00:00,14.0,False,as-pcs2kr,2020-07-23 09:32:09+00:00,vsg,0.6354195,10461.21,0.875
80746,0.0,0.0,2.0,47.43466,byplayer,0.0,0.0,41.0,0.0,0.0,0.0,dg98,account.1c4e0a862dcf4702a8bc74cf0473528c,0.0,5943.6606,0.0,0.0,0.0,791.46,0.0,508.96005,4.0,Miramar,1779.0,2020-08-07 10:43:15+00:00,6.0,False,as-pcs2kr,2020-07-23 09:32:09+00:00,vsg,0.4448904,6452.6206,0.375
80792,1.0,0.0,3.0,252.4735,byplayer,0.0,3.0,9.0,0.0,2.0,24.808182,dg98,account.70ef002165eb494eb7462c1ce83a7a4d,0.0,2362.4155,0.0,0.0,0.0,1610.013,0.0,1131.5356,3.0,Erangel (Remastered),1610.0,2020-08-01 11:06:42+00:00,2.0,False,as-pcs2kr,2020-07-23 09:32:09+00:00,vsg,1.0,3493.9512,0.125
80871,0.0,0.0,0.0,58.76529,byplayer,0.0,0.0,46.0,0.0,0.0,0.0,dg98,account.4cc249934175410cae31b8e02420854c,0.0,4864.4297,0.0,0.0,0.0,1257.338,0.0,679.98346,6.0,Erangel (Remastered),1698.0,2020-07-31 11:45:37+00:00,10.0,False,as-pcs2kr,2020-07-23 09:32:09+00:00,vsg,0.74048173,5544.413,0.625
80955,1.0,1.0,4.0,119.95903,byplayer,0.0,3.0,9.0,0.0,2.0,20.33979,dg98,account.be98b5cf9efb433cb3c4f4be4ffec4e8,0.0,2616.8206,0.0,0.0,0.0,1701.92,0.0,2200.2634,5.0,Miramar,1834.0,2020-08-08 11:39:36+00:00,5.0,False,as-pcs2kr,2020-07-23 09:32:09+00:00,vsg,0.92798257,4817.084,0.3125
81077,4.0,0.0,5.0,474.9999,byplayer,0.0,2.0,5.0,0.0,3.0,28.583214,dg98,account.810eae1a33a1443991b31a8cd2332320,0.0,2709.6494,0.0,0.0,0.0,1534.704,0.0,2067.3982,6.0,Miramar,1767.0,2020-08-14 10:01:28+00:00,6.0,False,as-pcs2kr,2020-07-23 09:32:09+00:00,vsg,0.8685365,4777.048,0.375
81136,0.0,2.0,5.0,183.13966,byzone,0.0,8.0,33.0,0.0,0.0,0.0,dg98,account.1c4e0a862dcf4702a8bc74cf0473528c,1.0,7292.272,0.0,0.0,0.0,1850.897,0.0,2614.887,5.0,Erangel (Remastered),1852.0,2020-08-07 09:03:16+00:00,3.0,False,as-pcs2kr,2020-07-23 09:32:09+00:00,vsg,0.99940443,9907.159,0.1875
81206,4.0,0.0,5.0,385.44476,byplayer,0.0,1.0,5.0,0.0,3.0,143.30093,dg98,account.70ef002165eb494eb7462c1ce83a7a4d,1.0,7986.8945,0.0,0.0,0.0,1240.421,0.0,1438.1544,6.0,Erangel (Remastered),1673.0,2020-08-01 12:41:52+00:00,9.0,False,as-pcs2kr,2020-07-23 09:32:09+00:00,vsg,0.74143517,9425.049,0.5625
81309,2.0,0.0,1.0,135.36234,byplayer,1.0,1.0,13.0,0.0,2.0,212.61742,dg98,account.7a5ec1c465d34d9094cf82cd87b60a2c,0.0,5257.3975,0.0,0.0,0.0,1145.871,0.0,1416.5027,9.0,Miramar,1819.0,2020-07-31 09:07:12+00:00,13.0,False,as-pcs2kr,2020-07-23 09:32:09+00:00,vsg,0.6299456,6673.9004,0.8125
81344,2.0,0.0,2.0,91.51294,byplayer,1.0,1.0,7.0,0.0,2.0,290.92804,dg98,account.d8458e6f1e9c4905a7d27d30f9460cdb,0.0,9304.252,0.0,0.0,0.0,852.555,0.0,370.96075,6.0,Erangel (Remastered),1735.0,2020-08-14 11:41:02+00:00,1.0,True,as-pcs2kr,2020-07-23 09:32:09+00:00,vsg,0.49138618,9675.213,0.0625
81408,1.0,1.0,3.0,259.6793,byplayer,0.0,1.0,24.0,0.0,1.0,29.357159,dg98,account.810eae1a33a1443991b31a8cd2332320,1.0,8833.66,0.0,0.0,0.0,1353.606,0.0,1107.0472,5.0,Erangel (Remastered),1860.0,2020-08-14 10:46:40+00:00,8.0,False,as-pcs2kr,2020-07-23 09:32:09+00:00,vsg,0.7277451,9940.707,0.5
81490,1.0,0.0,0.0,98.22624,byplayer,1.0,0.0,19.0,0.0,1.0,2.627741,dg98,account.8824ad1ca76b4f778379a0a44fa432f4,0.0,4094.5415,0.0,0.0,0.0,893.551,0.0,667.14044,4.0,Miramar,1899.0,2020-08-15 09:03:16+00:00,4.0,False,as-pcs2kr,2020-07-23 09:32:09+00:00,vsg,0.47053766,4761.682,0.25
81569,0.0,0.0,1.0,42.34789,byplayer,0.0,1.0,52.0,0.0,0.0,0.0,dg98,account.8f2e20cdd15542e68e384926ed9aa20e,0.0,5544.533,0.0,0.0,0.0,1044.046,0.0,1705.9979,7.0,Miramar,1802.0,2020-08-07 11:48:00+00:00,12.0,False,as-pcs2kr,2020-07-23 09:32:09+00:00,vsg,0.5793818,7250.5312,0.75
81584,3.0,4.0,7.0,636.0791,byplayer,3.0,3.0,1.0,0.0,6.0,265.97903,dg98,account.1c4e0a862dcf4702a8bc74cf0473528c,1.0,1564.9971,0.0,0.0,0.0,1812.124,0.0,2408.2463,5.0,Erangel (Remastered),1862.0,2020-08-07 09:52:41+00:00,1.0,True,as-pcs2kr,2020-07-23 09:32:09+00:00,vsg,0.97321373,3973.2434,0.0625
81695,1.0,1.0,3.0,105.25853,byplayer,0.0,5.0,23.0,0.0,1.0,140.20851,dg98,account.7a5ec1c465d34d9094cf82cd87b60a2c,0.0,4595.417,0.0,0.0,0.0,1256.33,0.0,969.98987,4.0,Miramar,1606.0,2020-07-31 09:56:11+00:00,10.0,False,as-pcs2kr,2020-07-23 09:32:09+00:00,vsg,0.7822727,5565.4067,0.625
81790,0.0,0.0,2.0,24.233173,byplayer,0.0,1.0,47.0,0.0,0.0,0.0,dg98,account.810eae1a33a1443991b31a8cd2332320,0.0,5385.2993,0.0,0.0,0.0,1365.917,0.0,914.6478,4.0,Miramar,1908.0,2020-08-14 09:13:26+00:00,12.0,False,as-pcs2kr,2020-07-23 09:32:09+00:00,vsg,0.7158894,6299.9473,0.75
105608,1.0,0.0,1.0,79.63724,byplayer,0.0,1.0,26.0,1.0,1.0,29.97781,dg98,account.8a6a798951cd4506990308c7742664b7,1.0,3233.0923,0.0,0.0,0.0,686.218,0.0,593.4416,5.0,Erangel (Remastered),1843.0,2020-06-10 12:13:23+00:00,14.0,False,as-pcs1kr,2020-05-18 02:57:33+00:00,dnw,0.3723375,3826.534,0.875
105695,0.0,0.0,4.0,0.0,byplayer,0.0,12.0,67.0,0.0,0.0,0.0,dg98,account.8a6a798951cd4506990308c7742664b7,0.0,11355.855,0.0,4.3653464,0.0,895.684,0.0,687.56537,6.0,Erangel (Remastered),1813.0,2020-06-01 11:18:48+00:00,4.0,False,as-pcs1kr,2020-05-18 02:57:33+00:00,dnw,0.4940342,12047.786,0.25
105787,0.0,0.0,0.0,0.0,byplayer,0.0,0.0,94.0,0.0,0.0,0.0,dg98,account.8a6a798951cd4506990308c7742664b7,0.0,1818.0216,0.0,0.0,0.0,284.064,0.0,211.44135,5.0,Miramar,1715.0,2020-06-01 09:46:52+00:00,16.0,False,as-pcs1kr,2020-05-18 02:57:33+00:00,dnw,0.16563499,2029.4629,1.0
105841,2.0,1.0,4.0,304.16705,byzone,1.0,1.0,24.0,1.0,1.0,282.7081,dg98,account.8a6a798951cd4506990308c7742664b7,0.0,3594.811,0.0,0.0,0.0,1344.488,0.0,1429.4438,3.0,Erangel (Remastered),1630.0,2020-06-03 13:32:15+00:00,5.0,False,as-pcs1kr,2020-05-18 02:57:33+00:00,dnw,0.8248393,5024.255,0.3125
105970,1.0,0.0,5.0,144.305,byzone,1.0,4.0,14.0,1.0,2.0,96.19832,dg98,account.8a6a798951cd4506990308c7742664b7,1.0,4419.891,0.0,0.0,0.0,1173.756,0.0,1374.2002,5.0,Miramar,1793.0,2020-05-25 10:43:30+00:00,11.0,False,as-pcs1kr,2020-05-18 02:57:33+00:00,dnw,0.65463245,5794.0913,0.6875
106170,0.0,0.0,0.0,106.939095,byplayer,0.0,0.0,76.0,0.0,0.0,0.0,dg98,account.8a6a798951cd4506990308c7742664b7,0.0,4604.1265,0.0,0.0,0.0,1001.725,0.0,1240.9248,6.0,Miramar,1838.0,2020-06-09 10:37:13+00:00,8.0,False,as-pcs1kr,2020-05-18 02:57:33+00:00,dnw,0.5450081,5845.0513,0.5
106414,0.0,0.0,0.0,0.0,byplayer,0.0,0.0,72.0,0.0,0.0,0.0,dg98,account.8a6a798951cd4506990308c7742664b7,0.0,1627.2628,0.0,0.0,0.0,247.958,0.0,198.35295,1.0,Miramar,1794.0,2020-06-09 09:47:32+00:00,7.0,False,as-pcs1kr,2020-05-18 02:57:33+00:00,dnw,0.13821515,1825.6157,0.4375
106461,1.0,1.0,1.0,254.66862,byplayer,0.0,3.0,29.0,1.0,1.0,6.905676,dg98,account.8a6a798951cd4506990308c7742664b7,0.0,340.09164,0.0,0.0,0.0,1251.846,0.0,1256.6708,6.0,Miramar,1779.0,2020-06-09 09:02:15+00:00,11.0,False,as-pcs1kr,2020-05-18 02:57:33+00:00,dnw,0.70367956,1596.7625,0.6875
106649,2.0,1.0,4.0,350.04758,alive,1.0,1.0,2.0,2.0,4.0,155.93048,dg98,account.8a6a798951cd4506990308c7742664b7,0.0,6001.632,0.0,0.0,0.0,1586.158,0.0,2567.0647,5.0,Erangel (Remastered),1586.0,2020-05-27 12:21:04+00:00,1.0,True,as-pcs1kr,2020-05-18 02:57:33+00:00,dnw,1.0,8568.696,0.0625
106720,0.0,2.0,4.0,84.47808,byplayer,0.0,6.0,91.0,0.0,0.0,0.0,dg98,account.8a6a798951cd4506990308c7742664b7,0.0,4926.7163,0.0,0.0,0.0,1239.845,0.0,941.69006,5.0,Miramar,1766.0,2020-06-03 09:03:09+00:00,15.0,False,as-pcs1kr,2020-05-18 02:57:33+00:00,dnw,0.702064,5868.4062,0.9375
106949,0.0,0.0,0.0,0.0,byplayer,0.0,0.0,85.0,0.0,0.0,0.0,dg98,account.8a6a798951cd4506990308c7742664b7,0.0,6341.2983,0.0,9.348067,0.0,800.433,0.0,643.65015,5.0,Miramar,1865.0,2020-05-27 10:40:55+00:00,12.0,False,as-pcs1kr,2020-05-18 02:57:33+00:00,dnw,0.42918658,6994.297,0.75
107010,1.0,0.0,2.0,153.37242,byplayer,0.0,0.0,28.0,1.0,1.0,85.867226,dg98,account.8a6a798951cd4506990308c7742664b7,0.0,7977.517,0.0,0.0,0.0,1586.2,0.0,1452.2772,7.0,Miramar,1847.0,2020-05-27 09:02:48+00:00,10.0,False,as-pcs1kr,2020-05-18 02:57:33+00:00,dnw,0.858798,9429.794,0.625
107212,0.0,0.0,2.0,22.140001,byplayer,0.0,0.0,81.0,0.0,0.0,0.0,dg98,account.8a6a798951cd4506990308c7742664b7,0.0,3759.7585,0.0,0.0,0.0,1060.412,0.0,812.8322,4.0,Erangel (Remastered),1760.0,2020-06-01 12:05:49+00:00,13.0,False,as-pcs1kr,2020-05-18 02:57:33+00:00,dnw,0.6025068,4572.591,0.8125
107232,3.0,1.0,6.0,597.225,alive,1.0,3.0,3.0,1.0,4.0,55.036,dg98,account.8a6a798951cd4506990308c7742664b7,0.0,2433.759,0.0,0.0,0.0,1809.138,0.0,2125.2012,3.0,Erangel (Remastered),1809.0,2020-06-10 11:26:05+00:00,1.0,True,as-pcs1kr,2020-05-18 02:57:33+00:00,dnw,1.0,4558.96,0.0625
107340,2.0,2.0,2.0,372.00937,byplayer,0.0,1.0,10.0,2.0,3.0,204.95139,dg98,account.8a6a798951cd4506990308c7742664b7,1.0,4435.8154,0.0,0.0,0.0,1581.562,0.0,1262.1604,5.0,Miramar,1849.0,2020-06-10 09:49:12+00:00,7.0,False,as-pcs1kr,2020-05-18 02:57:33+00:00,dnw,0.85536075,5697.9756,0.4375
107586,0.0,0.0,2.0,0.0,byplayer,0.0,4.0,96.0,0.0,0.0,0.0,dg98,account.8a6a798951cd4506990308c7742664b7,0.0,6440.837,0.0,5.8800426,0.0,690.405,0.0,1559.3583,4.0,Erangel (Remastered),1771.0,2020-06-09 11:26:17+00:00,16.0,False,as-pcs1kr,2020-05-18 02:57:33+00:00,dnw,0.38983908,8006.075,1.0
107612,2.0,0.0,3.0,198.74,byplayer,0.0,1.0,13.0,1.0,2.0,16.980505,dg98,account.8a6a798951cd4506990308c7742664b7,2.0,1581.6665,0.0,0.0,0.0,876.084,0.0,730.164,3.0,Erangel (Remastered),1817.0,2020-06-03 12:44:50+00:00,15.0,False,as-pcs1kr,2020-05-18 02:57:33+00:00,dnw,0.48215958,2311.8306,0.9375
107690,0.0,0.0,3.0,99.629425,byplayer,0.0,4.0,74.0,0.0,0.0,0.0,dg98,account.8a6a798951cd4506990308c7742664b7,0.0,1952.5028,0.0,0.0,0.0,1329.897,0.0,1141.7865,5.0,Miramar,1857.0,2020-06-03 09:47:48+00:00,8.0,False,as-pcs1kr,2020-05-18 02:57:33+00:00,dnw,0.71615344,3094.2893,0.5
107778,0.0,0.0,1.0,132.93402,byplayer,0.0,1.0,72.0,0.0,0.0,0.0,dg98,account.8a6a798951cd4506990308c7742664b7,0.0,3581.0066,0.0,0.0,0.0,1221.777,0.0,951.19763,7.0,Erangel (Remastered),1753.0,2020-05-25 11:35:31+00:00,9.0,False,as-pcs1kr,2020-05-18 02:57:33+00:00,dnw,0.6969635,4532.204,0.5625
107946,1.0,0.0,1.0,98.45,byplayer,0.0,0.0,29.0,1.0,1.0,23.716742,dg98,account.8a6a798951cd4506990308c7742664b7,0.0,6358.186,0.0,0.0,0.0,866.153,0.0,851.0176,2.0,Miramar,1575.0,2020-05-25 09:57:55+00:00,13.0,False,as-pcs1kr,2020-05-18 02:57:33+00:00,dnw,0.54993844,7209.2036,0.8125
108110,2.0,0.0,6.0,217.3251,byplayer,0.0,2.0,5.0,2.0,3.0,26.682459,dg98,account.8a6a798951cd4506990308c7742664b7,0.0,3380.5752,0.0,0.0,0.0,1327.591,0.0,912.8752,3.0,Erangel (Remastered),1730.0,2020-06-03 10:37:37+00:00,8.0,False,as-pcs1kr,2020-05-18 02:57:33+00:00,dnw,0.7673936,4293.45,0.5
108147,0.0,1.0,1.0,56.221344,byplayer,0.0,0.0,83.0,0.0,0.0,0.0,dg98,account.8a6a798951cd4506990308c7742664b7,0.0,2142.7344,0.0,0.0,0.0,842.479,0.0,717.6565,4.0,Erangel (Remastered),1666.0,2020-06-01 10:32:23+00:00,13.0,False,as-pcs1kr,2020-05-18 02:57:33+00:00,dnw,0.5056897,2860.3909,0.8125
108218,0.0,0.0,0.0,51.524353,byplayer,0.0,1.0,26.0,1.0,1.0,341.15472,dg98,account.8a6a798951cd4506990308c7742664b7,1.0,5603.162,0.0,0.0,0.0,1321.622,0.0,1024.0156,3.0,Erangel (Remastered),1600.0,2020-06-10 10:40:50+00:00,8.0,False,as-pcs1kr,2020-05-18 02:57:33+00:00,dnw,0.82601374,6627.1777,0.5
108292,2.0,0.0,3.0,390.73468,byplayer,1.0,2.0,7.0,1.0,3.0,383.37723,dg98,account.8a6a798951cd4506990308c7742664b7,0.0,3387.0947,0.0,0.0,0.0,1879.597,0.0,1747.5513,4.0,Erangel (Remastered),1879.0,2020-05-27 11:31:38+00:00,2.0,False,as-pcs1kr,2020-05-18 02:57:33+00:00,dnw,1.0,5134.646,0.125
108349,1.0,1.0,3.0,178.48708,byplayer,0.0,2.0,24.0,1.0,1.0,278.90015,dg98,account.8a6a798951cd4506990308c7742664b7,0.0,1452.8715,0.0,0.0,0.0,1369.462,0.0,1131.7987,7.0,Miramar,1697.0,2020-05-25 09:02:13+00:00,6.0,False,as-pcs1kr,2020-05-18 02:57:33+00:00,dnw,0.80699,2584.6702,0.375
108444,2.0,0.0,7.0,152.52419,byplayer,2.0,11.0,11.0,1.0,2.0,337.8931,dg98,account.8a6a798951cd4506990308c7742664b7,0.0,9123.425,0.0,0.0,0.0,1398.857,0.0,757.532,6.0,Erangel (Remastered),1641.0,2020-06-09 12:13:11+00:00,7.0,False,as-pcs1kr,2020-05-18 02:57:33+00:00,dnw,0.85244185,9880.957,0.4375
108521,1.0,0.0,3.0,124.45874,byplayer,0.0,2.0,88.0,0.0,0.0,0.0,dg98,account.8a6a798951cd4506990308c7742664b7,0.0,2400.6064,0.0,0.0,0.0,946.978,0.0,949.5799,4.0,Miramar,1784.0,2020-06-01 09:02:06+00:00,15.0,False,as-pcs1kr,2020-05-18 02:57:33+00:00,dnw,0.5308173,3350.1863,0.9375
108572,2.0,4.0,5.0,556.7607,byplayer,1.0,6.0,3.0,2.0,4.0,260.7083,dg98,account.8a6a798951cd4506990308c7742664b7,0.0,922.2073,0.0,0.0,0.0,1585.243,0.0,2064.2385,5.0,Erangel (Remastered),1672.0,2020-05-25 12:25:09+00:00,6.0,False,as-pcs1kr,2020-05-18 02:57:33+00:00,dnw,0.9481119,2986.4458,0.375
108774,0.0,0.0,2.0,0.0,byplayer,0.0,2.0,81.0,0.0,0.0,0.0,dg98,account.8a6a798951cd4506990308c7742664b7,0.0,3883.2278,0.0,0.0,0.0,992.802,0.0,1390.8164,8.0,Miramar,1808.0,2020-06-10 09:02:31+00:00,9.0,False,as-pcs1kr,2020-05-18 02:57:33+00:00,dnw,0.54911613,5274.044,0.5625
108831,2.0,3.0,1.0,446.34845,byzone,0.0,1.0,5.0,2.0,3.0,189.56471,dg98,account.8a6a798951cd4506990308c7742664b7,0.0,615.17694,0.0,0.0,0.0,1465.23,1.0,1441.5123,7.0,Miramar,1764.0,2020-05-27 09:53:19+00:00,4.0,False,as-pcs1kr,2020-05-18 02:57:33+00:00,dnw,0.8306292,2056.6892,0.25
130364,0.0,1.0,0.0,37.260002,byplayer,0.0,0.0,73.0,0.0,0.0,0.0,dg98,account.88272d02b985418696516231a5f5b6ab,0.0,0.0,0.0,0.0,0.0,115.678,0.0,21.174463,1.0,Erangel (Remastered),1562.0,2020-05-09 12:43:17+00:00,15.0,False,kr-bsc20,2020-01-16 07:40:55+00:00,dnw,0.07405762,21.174463,0.9375
130542,2.0,1.0,5.0,220.1156,byplayer,0.0,5.0,10.0,1.0,2.0,61.2368,dg98,account.1183d0aa43f8418fb1c20f84bd00ff83,0.0,1922.8087,0.0,0.0,0.0,872.624,0.0,705.80096,4.0,Erangel,1853.0,2020-01-19 10:12:58+00:00,10.0,False,kr-bsc20,2020-01-16 07:40:55+00:00,dnw,0.470925,2628.6096,0.625
130647,0.0,0.0,1.0,19.265114,byplayer,0.0,0.0,53.0,0.0,0.0,0.0,dg98,account.1183d0aa43f8418fb1c20f84bd00ff83,0.0,3308.568,0.0,0.0,0.0,1380.226,0.0,1018.4741,5.0,Erangel,1636.0,2020-01-18 10:10:53+00:00,6.0,False,kr-bsc20,2020-01-16 07:40:55+00:00,dnw,0.8436589,4327.042,0.375
130673,3.0,1.0,2.0,458.7228,alive,1.0,0.0,2.0,2.0,4.0,259.8077,dg98,account.1183d0aa43f8418fb1c20f84bd00ff83,0.0,1319.4862,0.0,0.0,0.0,1584.86,0.0,1449.0813,5.0,Erangel,1584.0,2020-01-16 09:31:44+00:00,1.0,True,kr-bsc20,2020-01-16 07:40:55+00:00,dnw,1.0,2768.5674,0.0625
130755,0.0,0.0,0.0,0.0,byplayer,0.0,0.0,54.0,0.0,0.0,0.0,dg98,account.1183d0aa43f8418fb1c20f84bd00ff83,0.0,2559.4866,0.0,0.0,0.0,621.665,0.0,416.67712,6.0,Miramar,1729.0,2020-01-16 07:57:55+00:00,6.0,False,kr-bsc20,2020-01-16 07:40:55+00:00,dnw,0.35955176,2976.1636,0.375
130811,0.0,1.0,4.0,224.30606,byplayer,0.0,3.0,30.0,1.0,1.0,6.2934327,dg98,account.88272d02b985418696516231a5f5b6ab,0.0,2466.0913,0.0,0.0,0.0,1038.091,0.0,798.99713,3.0,Erangel (Remastered),1610.0,2020-05-09 09:05:33+00:00,14.0,False,kr-bsc20,2020-01-16 07:40:55+00:00,dnw,0.644777,3265.0884,0.875
130913,1.0,0.0,1.0,72.52814,byplayer,0.0,0.0,62.0,0.0,0.0,0.0,dg98,account.88272d02b985418696516231a5f5b6ab,0.0,2364.323,0.0,0.0,0.0,595.143,0.0,602.84247,4.0,Erangel (Remastered),1838.0,2020-05-08 11:26:17+00:00,10.0,False,kr-bsc20,2020-01-16 07:40:55+00:00,dnw,0.32379925,2967.1655,0.625
131027,1.0,2.0,3.0,178.30867,alive,1.0,2.0,5.0,2.0,3.0,164.67369,dg98,account.1183d0aa43f8418fb1c20f84bd00ff83,1.0,0.0,0.0,0.0,0.0,1326.416,0.0,3272.1833,8.0,Sanhok,1326.0,2020-01-19 08:47:13+00:00,1.0,True,kr-bsc20,2020-01-16 07:40:55+00:00,dnw,1.0,3272.1833,0.0625
131092,1.0,0.0,5.0,373.14798,alive,0.0,2.0,15.0,1.0,1.0,44.40478,dg98,account.1183d0aa43f8418fb1c20f84bd00ff83,0.0,2688.36,0.0,0.0,0.0,1747.873,0.0,1902.2186,6.0,Miramar,1747.0,2020-01-19 08:01:16+00:00,1.0,True,kr-bsc20,2020-01-16 07:40:55+00:00,dnw,1.0,4590.5786,0.0625
131329,0.0,0.0,0.0,77.43446,byplayer,0.0,0.0,65.0,0.0,0.0,0.0,dg98,account.88272d02b985418696516231a5f5b6ab,0.0,1442.9615,0.0,0.0,0.0,602.122,0.0,773.67725,5.0,Miramar,1657.0,2020-05-09 12:01:34+00:00,9.0,False,kr-bsc20,2020-01-16 07:40:55+00:00,dnw,0.36338082,2216.6387,0.5625
131421,0.0,0.0,0.0,0.0,byplayer,0.0,0.0,77.0,0.0,0.0,0.0,dg98,account.88272d02b985418696516231a5f5b6ab,0.0,1931.1548,0.0,0.0,0.0,393.425,0.0,356.62503,5.0,Erangel (Remastered),1794.0,2020-05-08 12:11:08+00:00,16.0,False,kr-bsc20,2020-01-16 07:40:55+00:00,dnw,0.21930043,2287.7798,1.0
131568,1.0,0.0,4.0,250.07118,byplayer,0.0,1.0,45.0,0.0,0.0,0.0,dg98,account.1183d0aa43f8418fb1c20f84bd00ff83,1.0,1016.526,0.0,0.0,0.0,1727.153,0.0,1646.9951,3.0,Erangel,1743.0,2020-01-19 09:27:39+00:00,3.0,False,kr-bsc20,2020-01-16 07:40:55+00:00,dnw,0.9909082,2663.521,0.1875
131691,3.0,0.0,1.0,212.01251,byplayer,0.0,0.0,4.0,1.0,3.0,77.23342,dg98,account.1183d0aa43f8418fb1c20f84bd00ff83,0.0,0.0,0.0,0.0,0.0,813.75,0.0,2047.3402,3.0,Sanhok,1238.0,2020-01-18 08:45:07+00:00,3.0,False,kr-bsc20,2020-01-16 07:40:55+00:00,dnw,0.6573102,2047.3402,0.1875
131861,0.0,0.0,2.0,0.0,byplayer,0.0,1.0,58.0,0.0,0.0,0.0,dg98,account.1183d0aa43f8418fb1c20f84bd00ff83,0.0,4273.727,0.0,0.0,0.0,1331.499,0.0,1127.8431,3.0,Erangel,1701.0,2020-01-16 10:20:00+00:00,7.0,False,kr-bsc20,2020-01-16 07:40:55+00:00,dnw,0.78277427,5401.5703,0.4375
131920,1.0,1.0,0.0,141.0,byplayer,0.0,0.0,30.0,1.0,1.0,20.366276,dg98,account.88272d02b985418696516231a5f5b6ab,0.0,0.0,0.0,0.0,0.0,133.724,0.0,23.863066,1.0,Miramar,1854.0,2020-05-08 09:55:56+00:00,16.0,False,kr-bsc20,2020-01-16 07:40:55+00:00,dnw,0.07212729,23.863066,1.0
132000,1.0,0.0,0.0,93.52,byplayer,0.0,1.0,32.0,1.0,1.0,33.535442,dg98,account.88272d02b985418696516231a5f5b6ab,0.0,0.0,0.0,0.0,0.0,439.013,0.0,258.78522,3.0,Miramar,1895.0,2020-05-08 09:07:05+00:00,16.0,False,kr-bsc20,2020-01-16 07:40:55+00:00,dnw,0.23166913,258.78522,1.0
132292,0.0,1.0,8.0,193.4036,byplayer,0.0,2.0,47.0,0.0,0.0,0.0,dg98,account.88272d02b985418696516231a5f5b6ab,0.0,4618.147,0.0,0.0,0.0,1403.938,0.0,1626.4904,6.0,Erangel (Remastered),1821.0,2020-05-09 10:30:29+00:00,6.0,False,kr-bsc20,2020-01-16 07:40:55+00:00,dnw,0.7709709,6244.637,0.375
132384,0.0,3.0,3.0,130.49728,byplayer,0.0,0.0,61.0,0.0,0.0,0.0,dg98,account.88272d02b985418696516231a5f5b6ab,0.0,4204.3833,0.0,0.0,0.0,1403.028,0.0,1150.6649,3.0,Erangel (Remastered),1726.0,2020-05-09 09:47:08+00:00,8.0,False,kr-bsc20,2020-01-16 07:40:55+00:00,dnw,0.8128783,5355.0483,0.5
132412,1.0,7.0,5.0,316.27374,alive,0.0,2.0,48.0,0.0,0.0,0.0,dg98,account.1183d0aa43f8418fb1c20f84bd00ff83,1.0,6322.5923,0.0,0.0,0.0,1739.839,0.0,2046.5217,6.0,Erangel,1739.0,2020-01-18 09:24:20+00:00,1.0,True,kr-bsc20,2020-01-16 07:40:55+00:00,dnw,1.0,8369.114,0.0625
132507,1.0,0.0,0.0,100.0,byplayer,0.0,0.0,16.0,1.0,1.0,4.064026,dg98,account.1183d0aa43f8418fb1c20f84bd00ff83,0.0,0.0,0.0,0.0,0.0,298.08,0.0,609.63666,4.0,Miramar,1828.0,2020-01-18 07:58:50+00:00,2.0,False,kr-bsc20,2020-01-16 07:40:55+00:00,dnw,0.16306345,609.63666,0.125
132568,2.0,0.0,0.0,160.50917,byplayer,0.0,0.0,76.0,0.0,0.0,0.0,dg98,account.88272d02b985418696516231a5f5b6ab,0.0,2270.6365,0.0,0.0,0.0,283.905,0.0,78.29219,2.0,Miramar,1712.0,2020-05-08 10:40:35+00:00,16.0,False,kr-bsc20,2020-01-16 07:40:55+00:00,dnw,0.16583236,2348.9287,1.0
132692,0.0,0.0,3.0,182.84354,byplayer,0.0,0.0,48.0,0.0,0.0,0.0,dg98,account.1183d0aa43f8418fb1c20f84bd00ff83,0.0,6391.9355,0.0,0.0,0.0,1537.73,0.0,1022.00836,4.0,Miramar,1821.0,2020-01-19 07:08:04+00:00,5.0,False,kr-bsc20,2020-01-16 07:40:55+00:00,dnw,0.8444426,7413.944,0.3125
132786,2.0,1.0,4.0,100.81191,byplayer,1.0,0.0,16.0,1.0,2.0,246.9922,dg98,account.1183d0aa43f8418fb1c20f84bd00ff83,0.0,1864.2186,0.0,0.0,0.0,1234.165,0.0,1018.86914,4.0,Miramar,1817.0,2020-01-16 07:08:57+00:00,8.0,False,kr-bsc20,2020-01-16 07:40:55+00:00,dnw,0.6792323,2883.088,0.5
132906,0.0,1.0,5.0,353.3648,alive,0.0,0.0,8.0,1.0,2.0,384.24374,dg98,account.88272d02b985418696516231a5f5b6ab,0.0,1415.3994,0.0,0.0,0.0,1768.804,1.0,2401.8777,7.0,Miramar,1768.0,2020-05-09 11:17:12+00:00,1.0,True,kr-bsc20,2020-01-16 07:40:55+00:00,dnw,1.0,3817.277,0.0625
133032,0.0,1.0,0.0,36.24748,byplayer,0.0,1.0,64.0,0.0,0.0,0.0,dg98,account.1183d0aa43f8418fb1c20f84bd00ff83,0.0,5154.2183,0.0,0.0,0.0,1086.87,0.0,1115.2665,4.0,Miramar,1836.0,2020-01-18 07:13:20+00:00,12.0,False,kr-bsc20,2020-01-16 07:40:55+00:00,dnw,0.5919771,6269.485,0.75
133070,0.0,0.0,2.0,28.727999,byzone,0.0,6.0,53.0,0.0,0.0,0.0,dg98,account.1183d0aa43f8418fb1c20f84bd00ff83,0.0,0.0,0.0,0.0,0.0,1212.715,0.0,3215.67,7.0,Sanhok,1390.0,2020-01-16 08:46:53+00:00,7.0,False,kr-bsc20,2020-01-16 07:40:55+00:00,dnw,0.8724568,3215.67,0.4375
