player_id,team_name,player_name,match_count,attacker_health_diff,defender_health_diff,attacker_accuracy,defender_accuracy,battle_duration,battle_moved_distance,damage
iFTY_9,iFTY,9,138,-11.38908692,-45.34997352,0.610841604,0.399657284,74.15549,2009.247271,73.48211
iFTY_LongSkr,iFTY,LongSkr,138,-11.66739998,-40.52351907,0.606367274,0.391990752,68.40941,2250.392196,81.32761
ENT_indigo,ENT,indigo,138,-8.781408668,-46.63320778,0.536470643,0.447224405,37.344604,3414.343657,63.095093
ENT_Under,ENT,Under,138,-15.16622113,-52.2831454,0.582795071,0.458723452,73.525024,2630.454847,74.88913
4AM_xxxLu,4AM,xxxLu,137,-11.42630704,-52.49226546,0.585939599,0.452870385,55.346592,3040.053856,69.36131
VLG_Lambu,VLG,Lambu,137,-15.51738454,-56.63209375,0.556240302,0.400153817,51.101738,2806.957411,71.71237
ENT_kAyle,ENT,kAyle,137,-18.76110683,-48.37936306,0.596283379,0.398310665,81.29149,1959.571075,70.24668
ENT_Seongjang,ENT,Seongjang,137,-17.7755568,-43.75010996,0.575337052,0.351616434,56.471302,2255.090052,66.31801
iFTY_Jiaoyang,iFTY,Jiaoyang,136,-17.74795148,-54.94102171,0.599706175,0.426219715,47.882504,2379.856651,63.199203
VLG_DAEVA,VLG,DAEVA,136,-15.49426644,-48.06134127,0.592080291,0.426185026,50.4374,2175.217425,72.364105
4AM_Forever,4AM,Forever,135,-7.397618936,-49.88097232,0.573428129,0.466383089,49.338696,3259.968879,68.11958
VLG_Hikari,VLG,Hikari,135,-8.425996923,-58.70623573,0.611863859,0.370492295,62.178463,1753.206452,75.09386
VLG_Spear,VLG,Spear,132,-7.774607424,-48.57806553,0.584422875,0.311077121,37.297386,2157.324483,68.062904
OPGG_Ayoh,OPGG,Ayoh,124,-14.04407704,-50.46963146,0.567442636,0.38914773,61.280582,2180.225993,71.643654
OPGG_Silky,OPGG,Silky,124,-14.55248415,-53.6957112,0.578211861,0.386949727,40.270294,2727.618937,67.597244
OPGG_Dumbo,OPGG,Dumbo,123,-22.47880903,-52.93582064,0.586721237,0.399438721,64.58373,2971.56203,68.30483
iFTY_Boliang,iFTY,Boliang,122,-8.761934615,-49.04085955,0.598696082,0.367073329,67.00182,2223.154444,68.94398
AF_Hansia,AF,Hansia,118,-13.49999712,-53.04698062,0.560273828,0.419358729,66.88156,2034.43287,65.62994
AF_EJ,AF,EJ,118,-17.49369453,-52.14822108,0.568793254,0.396588298,34.15813,1948.618954,70.60762
4AM_Godv,4AM,Godv,114,-16.51654937,-43.92588948,0.591971108,0.344199653,33.998062,2767.239208,66.72606
TSG_ShanD1anX,TSG,ShanD1anX,114,-14.65590985,-46.1411937,0.549971261,0.393667879,34.724064,3415.671829,65.536736
4AM_CRAZY112,4AM,CRAZY112,114,-7.626084936,-43.80305444,0.598072328,0.401356428,42.503292,1807.344863,72.71174
TSG_911x,TSG,911x,114,-20.73512254,-51.54221825,0.617272816,0.469359064,74.6765,3107.717335,65.353645
TSG_VoliBEAR,TSG,VoliBEAR,114,-18.40775011,-35.49684635,0.613412565,0.43220812,38.69314,1937.616252,63.648304
TSG_PengEGM,TSG,PengEGM,114,-14.33016748,-44.5109752,0.589748869,0.455434523,64.61699,3443.00831,64.62711
PeRo_XDD,PeRo,XDD,114,-5.517432036,-44.55516975,0.593378201,0.469603515,68.780685,2826.881831,75.44294
MCG_Summer,MCG,Summer,114,-12.896885,-52.44348445,0.521353873,0.407430398,61.1007,2783.914826,66.347694
T1_Adder,T1,Adder,114,-7.428478153,-46.41444746,0.61253371,0.381682891,50.46766,1983.380662,76.781845
LVG_ZeniTh,LVG,ZeniTh,114,-11.34203978,-57.29858125,0.575055063,0.425854755,68.44694,2532.509118,72.575455
GEN_Inonix,GEN,Inonix,114,-10.972149,-47.0099271,0.583018371,0.386196399,29.541811,2448.225291,67.291985
GEN_Pio,GEN,Pio,114,-4.769950323,-50.03781845,0.595533931,0.433586789,36.528564,1874.503277,78.45781
GEN_Loki,GEN,Loki,114,-8.428566469,-53.42608616,0.553371409,0.346226446,30.765285,2122.441508,69.02486
GEN_Aqua5,GEN,Aqua5,114,-19.01699432,-52.98240497,0.593787281,0.33884355,30.845661,1329.396228,68.9445
GRF_2heart,GRF,2heart,114,-14.0091378,-55.59578866,0.588214743,0.3958606,68.00746,3408.529883,75.12599
TE_xmpl,TE,xmpl,114,-11.20418315,-40.09560869,0.56981686,0.407200465,39.482994,3725.529657,69.94446
NAVI_ceh9,NAVI,ceh9,114,1.051365347,-42.48290947,0.560685124,0.438131177,54.632477,3375.701533,67.03755
TE_Mellman,TE,Mellman,114,-7.540331174,-45.76018139,0.578137614,0.457787008,34.118645,2378.813006,66.25914
OMK_PaG3,OMK,PaG3,114,-2.508398202,-40.78234461,0.559217967,0.38393365,55.6579,2228.679458,66.24825
NLT_spyrro,NLT,spyrro,114,-6.498398585,-32.16732247,0.605578478,0.414265552,69.55926,2591.374955,67.54612
OMK_Vazku,OMK,Vazku,114,-9.815610391,-45.90861635,0.59708981,0.401298016,64.5521,2032.949011,70.34809
NLT_BatulinS,NLT,BatulinS,114,-1.64723663,-29.81266107,0.585508693,0.465262448,64.718,2787.13561,72.57567
NLT_Perfect1ks,NLT,Perfect1ks,114,-6.862414797,-39.68289569,0.526130948,0.461012535,81.2904,2312.959031,61.741997
TE_Qwizzy,TE,Qwizzy,114,-4.913298363,-40.87916953,0.581026894,0.394676632,56.23347,2646.9129,68.09491
ENCE_D1gg3r1,ENCE,D1gg3r1,114,6.090257156,-38.22891185,0.633300561,0.488192433,65.30293,1575.702543,71.310165
TSM_vard,TSM,vard,114,-5.151945501,-44.04342684,0.601942402,0.380298398,44.53716,1764.973532,73.999275
TL_mxey,TL,mxey,114,-2.469981171,-40.66701073,0.616053484,0.446924296,60.80772,1955.123639,71.06422
RL_ivas,RL,ivas,114,-14.39529619,-35.17035852,0.617658752,0.354063281,68.203835,2074.434986,66.36163
TSM_MiracU,TSM,MiracU,114,-13.31228249,-38.38566504,0.579593055,0.382040556,36.38259,2068.055499,64.56863
NAVI_TheTab,NAVI,TheTab,114,-4.954484734,-39.72906991,0.567983353,0.38263514,56.210938,2077.540838,67.35683
FaZe_Aitzy,FaZe,Aitzy,114,-1.509353178,-32.9784709,0.611487276,0.412459459,52.800926,2346.731076,66.47161
FaZe_Fuzzface,FaZe,Fuzzface,114,-7.001792967,-27.82139619,0.576285413,0.375248654,45.01817,1483.460722,70.0611
NH_xkkk,NH,xkkk,113,-17.85635427,-54.32956462,0.603249902,0.44765728,53.45214,2032.920675,71.339035
NH_Giaoiqq,NH,Giaoiqq,113,-14.49817169,-42.92967279,0.573254498,0.325483343,50.454887,3011.701468,69.0253
ENCE_Tiikzu,ENCE,Tiikzu,113,-7.686917711,-45.32848228,0.588997994,0.355504126,31.264053,1881.745618,72.007866
OMK_Jembty,OMK,Jembty,113,-10.24096877,-46.45053689,0.591509895,0.335204102,55.870384,2334.158763,70.62638
TE_alyagg,TE,alyagg,113,-6.528448182,-33.82240569,0.611166447,0.454308379,76.57928,2858.207596,75.516174
TSM_Iroh,TSM,Iroh,113,-11.26311654,-49.7910881,0.583369681,0.379898273,67.68541,2339.868206,75.9858
TSM_Fexx,TSM,Fexx,113,-5.757625179,-47.69183565,0.572685153,0.47865304,56.7004,2023.682528,77.65392
ENCE_Rustanmar,ENCE,Rustanmar,113,-10.56006251,-31.28946243,0.586966636,0.416485316,51.209465,2684.316555,63.34654
TL_jeemzz,TL,jeemzz,113,-4.525797494,-44.24783487,0.589605563,0.398203143,54.38504,1652.464954,74.18585
ENCE_SKUIJKE,ENCE,SKUIJKE,113,-17.35893264,-54.67379331,0.603687475,0.393287372,60.26523,1973.160982,69.66096
RL_MARV,RL,MARV,113,-14.34195563,-35.58524896,0.585523873,0.345030041,74.400856,1746.660136,72.362076
OMK_TeaBone,OMK,TeaBone,112,-15.38758132,-35.44002786,0.626065883,0.364096671,51.93094,1439.220097,71.77099
FaZe_Gustav,FaZe,Gustav,112,-12.00001526,-43.30955183,0.573378832,0.43135469,63.095127,2587.135694,69.05628
LVG_Sparrow,LVG,Sparrow,111,-16.70831016,-47.12682558,0.583813389,0.266328464,52.0983,2154.535978,71.35196
RL_Qbe,RL,Qbe,111,-11.1828458,-42.71675227,0.620952517,0.396985226,49.064255,2506.657604,75.12688
TL_ibiza,TL,ibiza,111,-1.210211754,-40.49172046,0.542259119,0.363828538,34.427612,2788.450228,64.47335
FaZe_ubah,FaZe,ubah,110,-3.27282898,-52.10468778,0.617696174,0.475669066,61.789356,1920.750281,75.3641
GRF_Asura,GRF,Asura,109,-9.969034495,-41.11626191,0.56701602,0.347288483,58.445023,1220.809091,75.306274
PeRo_Mamu,PeRo,Mamu,108,-14.3672243,-51.93295807,0.580354819,0.338450113,40.861946,2424.870253,69.76368
MCG_LingDuuuuuu,MCG,LingDuuuuuu,108,-18.33197168,-46.67901126,0.666212542,0.332971694,92.60926,1682.537446,77.13027
LVG_Kali,LVG,Kali,108,-15.69248454,-51.46613235,0.59263033,0.29641579,44.25898,1537.640251,74.81968
GRF_Minsung,GRF,Minsung,106,-3.385727748,-49.57136175,0.545000413,0.326318061,35.067783,2795.492927,77.90818
MCG_EviLLee,MCG,EviLLee,96,-3.717098838,-45.92072747,0.603643539,0.436880581,65.63432,2580.669007,71.53729
AF_Shadow,AF,Shadow,94,-12.65041844,-49.85668404,0.595270656,0.361208457,28.518663,1476.590161,75.043205
LVG_Dowon,LVG,Dowon,94,-13.37616977,-57.22610708,0.589327366,0.354727772,66.47091,2874.434096,64.25054
RNG_XiaoA1sy,RNG,XiaoA1sy,90,-5.061541937,-49.86201916,0.5719741,0.406985674,44.044544,2253.356873,62.251312
LYG_Shmily,LYG,Shmily,90,-12.9913414,-40.53896603,0.597168926,0.311011093,70.23116,1856.065068,77.49778
NEXT_HS,NEXT,HS,90,-14.27210214,-50.8969435,0.547187365,0.36495935,58.076878,3587.459239,65.94845
OMG_xwudd_douyu,OMG,xwudd,90,-9.499941353,-57.66919651,0.590464413,0.416120878,48.49882,2421.567297,71.607445
NH_likeNan,NH,likeNan,90,-5.609829646,-51.56187931,0.532601779,0.376193184,17.549885,1981.852155,57.944103
Tian_M200_XHZ,Tian,M200,90,-11.99070803,-59.65363376,0.591325156,0.430418843,41.509857,2477.897008,67.84465
MQ_AzEeeeee,MQ,AzEeeeee,90,-16.98746118,-42.59314054,0.6126176,0.469931442,98.99499,1891.357607,71.986565
OMG_Fugue_douyu,OMG,Fugue,90,-13.38070341,-35.58125431,0.560917996,0.357243993,36.675663,2643.211526,66.50694
LYG_MiGo1337,LYG,MiGo1337,90,-15.30861537,-51.2628976,0.597604629,0.391718199,71.791306,3163.05417,73.06316
KX_Cobra,KX,Cobra,90,-14.12736409,-49.0491296,0.629438228,0.370723163,75.65143,1946.19469,80.461815
WOL_yyxovo_Tezo,WOL,yyxovo,90,-18.28836838,-45.84929003,0.578990976,0.437378715,46.93398,2579.043612,67.31138
SMG_17sixgod,SMG,17sixgod,90,-6.688036088,-65.42129451,0.596338813,0.507483069,68.41563,2175.231886,74.95462
OMG_MinMie_douyu,OMG,MinMie,90,-8.550246785,-40.42675698,0.534149347,0.458079607,33.077934,2471.452474,62.097015
OMG_Xbei_douyu,OMG,Xbei,90,-16.05918608,-38.50616983,0.62842104,0.337841586,50.557045,2097.951939,75.50217
NEXT_AZ,NEXT,AZ,90,-12.22992657,-42.46292667,0.571264416,0.418900319,45.0928,1751.713793,70.6456
RNG_ZpYan1,RNG,ZpYan1,90,-8.390589964,-48.39450012,0.616076125,0.403057832,60.239883,2769.151444,75.28694
NH_MmingDD,NH,MmingDD,90,-12.06020532,-45.93632153,0.620344967,0.457835074,64.611,1965.307379,74.67756
RNG_TangDD,RNG,TangDD,90,-8.443577824,-49.63130786,0.54245883,0.39386572,41.785362,2743.395778,59.345016
RNG_Loong,RNG,Loong,90,-8.348574956,-44.29037331,0.598407929,0.393957505,60.911606,1793.568618,69.93931
Tian_mingz1_XHZ,Tian,mingz1,90,-6.298216569,-38.64670973,0.546904541,0.297933431,55.634224,3392.473924,67.39191
Tian_LuRenA_XHZ,Tian,LuRenA,90,-16.53509067,-58.55124527,0.55064588,0.460451839,52.54198,3048.633149,66.450584
KX_XingXing,KX,XingXing,90,-16.69835651,-47.44998496,0.56633145,0.366791682,67.27441,2505.911254,70.86604
KX_Dy577,KX,Dy577,90,-8.432331085,-39.44989496,0.557641696,0.374942901,31.074612,3839.809267,70.50277
Tian_NN_XHZ,Tian,NN,90,-10.16668029,-35.35710453,0.574275742,0.411468336,44.405323,2710.216403,72.97177
QM_ScccWF,QM,ScccWF,90,-13.59853054,-46.17789347,0.613863678,0.319327435,54.56147,1536.197763,65.7964
LYG_Dec12th,LYG,Dec12th,90,-12.73690887,-52.94526653,0.584036422,0.419242106,23.267786,2054.106941,67.57043
SMG_17Mad98,SMG,17Mad98,90,-12.91864327,-47.82795039,0.599605632,0.427086315,58.63949,1225.109077,77.34795
EM_Lash,EM,Lash,90,-17.47379535,-50.11027434,0.610577867,0.397830205,63.26035,1441.583379,80.90873
T1_Akad,T1,Akad,90,-9.45924416,-62.44257501,0.590605599,0.410380178,43.989048,2336.145106,77.72098
EM_Makne,EM,Makne,90,-11.44522502,-49.83288495,0.612548997,0.415584799,52.941628,2218.777853,71.77452
RYE_udyRR,RYE,udyRR,90,-3.29297142,-43.48061912,0.527253195,0.268991686,58.18555,3378.994899,65.23131
RYE_Shiv,RYE,Shiv,90,-5.988431862,-45.53752378,0.546160393,0.357161873,63.077847,3344.255229,69.762405
RYE_mOnKeY,RYE,mOnKeY,90,-12.47174846,-35.51864484,0.587112191,0.403917075,35.678055,2595.640281,73.86941
QDR_yacha,QDR,yacha,90,-19.28689913,-55.54115259,0.565190864,0.429471569,62.29849,2624.066096,67.84072
VSG_Hulk,VSG,Hulk,90,-9.131858018,-48.09432437,0.636572137,0.423794791,64.91514,2502.860935,71.23508
QDR_Renba,QDR,Renba,90,-11.4465814,-44.86987377,0.576180539,0.469310597,51.511696,3104.053203,66.01726
QDR_Yeowook,QDR,Yeowook,90,-20.44154788,-56.26239918,0.61483238,0.352192336,19.417643,1157.339652,70.36484
QDR_Dlaks,QDR,Dlaks,90,-27.74543983,-44.65276765,0.589159695,0.428670232,65.00773,2000.973117,64.78243
SMG_17shox,SMG,17shox,89,-15.07296848,-52.74206952,0.560288557,0.394214777,48.061203,2681.495581,69.09584
NEXT_Ming,NEXT,Ming,89,-17.00527716,-42.88959161,0.61800226,0.421010678,62.660225,2015.605533,67.218895
WOL_067_Tezo,WOL,67,89,-18.26158533,-56.82110378,0.597313479,0.394609149,34.369194,1918.158698,74.80973
LYG_Maps,LYG,Maps,89,-17.57570071,-46.31857724,0.56368668,0.39529812,66.93743,2191.442775,74.064735
WOL_meRcy_Tezo,WOL,meRcy,89,-16.89368989,-43.75943312,0.624794234,0.399962268,67.140854,1653.466212,77.24692
AF_daengchae,AF,daengchae,87,-2.414565284,-53.75641428,0.5472179,0.440488502,68.360466,2023.505821,82.73085
AF_R0wha,AF,R0wha,85,-12.52434898,-54.79434063,0.556700927,0.384513531,46.91358,1381.01641,69.92688
QM_YIZeeeeee,QM,YIZeeeeee,84,-17.70208241,-54.45344095,0.556272646,0.321189737,42.664963,2561.823334,62.635048
MQ_xiaowai,MQ,xiaowai,84,-20.02647161,-45.66424299,0.546999425,0.346002131,31.445684,2278.001211,62.146538
SMG_17lanren,SMG,17lanren,84,-20.59552977,-58.33874098,0.53728823,0.408998501,37.238914,3169.659668,74.47958
OPGG_Alphaca,OPGG,Alphaca,84,-21.83061345,-38.91580953,0.56487,0.369969807,79.91431,1886.956517,73.01583
COC_XS,COC,XS,84,-22.03207013,-45.36259919,0.564713931,0.447680678,31.112543,2689.781533,75.99938
SP_maczora,SP,maczora,84,-14.54615615,-52.91867388,0.581646598,0.447659712,39.368595,2675.066307,68.86916
SP_KIMGONI,SP,KIMGONI,84,-23.35829302,-56.00752513,0.647805324,0.368418412,78.37672,1722.694916,76.966095
COC_Nannnnn,COC,Nannnnn,84,-12.70426618,-47.75768138,0.589594878,0.33369617,30.375105,1657.316218,77.93778
QM_THEJUe,QM,THEJUe,83,-19.64485166,-42.3740794,0.587726433,0.411313203,86.042595,2230.106001,70.908875
T1_Starlord,T1,Starlord,83,-4.177133751,-44.36444984,0.567517615,0.335968085,58.19863,2909.888459,70.262856
FPC_Americano,FPC,Americano,80,-10.13781126,-47.11314999,0.566196544,0.309647491,48.221073,2111.753603,63.99059
EM_KiraV,EM,KiraV,80,-28.16512846,-47.96797093,0.590505722,0.333068484,45.298935,2415.402325,72.75711
FPC_Cross,FPC,Cross,80,-10.10283843,-54.69249198,0.576667207,0.283433563,56.41553,3274.745938,71.564384
VSG_Menteul,VSG,Menteul,79,-18.97410085,-41.92280735,0.610119659,0.299656574,35.711887,1942.14759,70.9973
MCG_995iTank,MCG,995iTank,78,-15.61271608,-43.94005554,0.620608052,0.442302511,69.06304,2528.065822,77.58294
MQ_95k,MQ,95k,78,-19.20468,-48.40184231,0.675936053,0.359931813,125.71502,1770.9936,76.116
AG_dimple,AG,dimple,78,-16.67132833,-49.79610782,0.603799677,0.418309571,46.618107,2094.309766,67.01005
AG_aaaaaB,AG,aaaaaB,78,-9.300079346,-42.24051217,0.620269435,0.477946952,48.25621,2849.944972,66.85846
GRF_2tap,GRF,2tap,77,-28.11177115,-50.84665908,0.618529908,0.423245816,35.798702,1701.969426,75.34049
NEXT_Jw23,NEXT,Jw23,75,-15.05818061,-43.13060027,0.58473427,0.39788494,60.676327,2358.959849,78.62353
STK_Uncivil,STK,Uncivil,74,-4.841018195,-50.43021097,0.582218903,0.522021507,52.653625,2811.172611,69.383224
STK_aLOW,STK,aLOW,74,-11.51224671,-41.65673045,0.588598026,0.407001296,70.571724,2175.713162,74.38623
ILL_Topdawg,ILL,Topdawg,74,-9.01143736,-24.36382828,0.594605374,0.319593202,34.842148,2314.998848,62.650513
HARD_Chubba,HARD,Chubba,74,-17.12134582,-42.17029396,0.630555521,0.407321326,96.55023,2336.807517,75.77078
FBL_GregShotGG,FBL,GregShotGG,74,-13.91973628,-38.28303428,0.661145445,0.371784845,67.54868,1253.708501,82.487175
STK_PurdyKurty,STK,PurdyKurty,74,-0.632460486,-38.40719975,0.582707668,0.468406036,60.963104,2038.786444,69.88284
RAD_LosHD,RAD,LosHD,74,-5.240212558,-46.72493051,0.602459241,0.430041453,71.90989,1907.547246,76.461395
OATH_Snakers,OATH,Snakers,74,-1.735256211,-27.98922325,0.580914738,0.481072943,67.385216,2929.07917,75.31786
DGE_Kropp,DGE,Kropp,74,-10.42490881,-43.21226135,0.683889877,0.412672241,78.249725,1093.613794,74.79202
SQ_M1ME,SQ,M1ME,74,1.768974933,-41.70645976,0.579403237,0.464721336,46.830605,2942.964549,65.712685
HARD_Jsank,HARD,Jsank,74,-0.563070536,-42.76109006,0.605151889,0.505946683,72.41846,1858.347016,67.82819
OATH_Balefrost,OATH,Balefrost,74,-7.492750742,-20.47372712,0.664414023,0.444100199,63.85136,1919.533971,73.46662
SQ_Shrimzy,SQ,Shrimzy,74,-2.858625338,-33.1053969,0.582863772,0.495165523,71.24805,2221.703977,68.97801
RAD_Waldoe,RAD,Waldoe,74,-13.12270784,-48.34758057,0.585015045,0.394553167,78.07853,2418.882886,71.304245
ATC_Marcelek,ATC,Marcelek,74,-2.688355512,-41.53968212,0.576306887,0.491169488,82.36158,2738.430422,77.991234
ATC_Aghila,ATC,Aghila,74,4.895687981,-47.37129075,0.582544159,0.458185503,58.5111,1407.679538,70.09743
FBL_hellaaaaaa,FBL,hellaaaaaa,74,-6.626681846,-49.7324272,0.534145458,0.369724766,33.363773,3611.961762,60.40254
RAD_Miccoy,RAD,Miccoy,74,-10.79674842,-37.77732351,0.535787281,0.388549929,36.446896,2681.141729,71.32448
HARD_Lobes,HARD,Lobes,74,6.977443775,-28.97569,0.561026973,0.43424321,64.23567,2853.915971,71.30869
LBR_GuaB,LBR,GuaB,74,-7.162827448,-31.35799125,0.592519445,0.370559673,50.252964,2531.303226,68.70471
CG_Ripp3r,CG,Ripp3r,74,-11.91810727,-46.12149638,0.621941925,0.430859659,36.785698,1522.198705,66.01206
303_HoneyBadger,303,HoneyBadger,74,-8.036076911,-33.70736722,0.629887756,0.470515195,49.516277,1759.801234,79.01006
303_Voxsic,303,Voxsic,74,-11.65897455,-41.04680047,0.587491898,0.42602738,69.09019,1479.689088,72.87699
COM_Victxr,COM,Victxr,74,-9.039161661,-47.75895862,0.506344123,0.33220906,87.877975,3034.414209,68.52495
ZEN_Kickstart,ZEN,Kickstart,74,-0.400000939,-57.32247159,0.624973025,0.351024488,59.721317,1626.904786,68.871735
ZEN_Mystery,ZEN,Mystery,74,-18.52277201,-40.80001853,0.551659718,0.362500729,49.85861,2583.443643,64.43877
303_LANDOOON,303,LANDOOON,74,-0.224402631,-41.2996722,0.570374666,0.368513155,88.07818,1816.300658,69.94068
303_DRich,303,DRich,74,-8.359317978,-46.25412654,0.585004804,0.441955343,87.75708,4264.842324,65.72516
DUEL_Cherry,DUEL,Cherry,74,-4.700373638,-35.3721994,0.577593174,0.40420176,34.776577,2490.977905,62.095337
ZEN_Roth,ZEN,Roth,74,-3.962718621,-31.13946385,0.593857657,0.463394429,71.72573,2544.433278,67.35627
ZEN_Lataa,ZEN,Lataa,74,-6.512745581,-45.10927643,0.540772874,0.456862639,58.646553,2323.733068,75.1493
CG_Maji,CG,Maji,74,-6.661664086,-45.53322634,0.556228983,0.362880243,31.610758,2775.3691,62.30754
STK_luke12,STK,luke12,73,-7.996048646,-27.7972928,0.579349159,0.408070035,47.293663,2471.392972,73.70993
DGE_Reno,DGE,Reno,73,-11.54833799,-45.96677906,0.631471807,0.324992796,77.739,1689.939807,81.49147
SQ_hwinn,SQ,hwinn,73,-4.687535451,-50.93701281,0.59710727,0.400197994,65.36625,2123.720513,80.58825
ILL_Freemeplease,ILL,Freemeplease,73,-15.40910046,-42.79765458,0.514656268,0.347825311,48.621902,3819.336083,63.706455
OATH_Relo,OATH,Relo,73,-4.901994453,-19.30826062,0.591487355,0.42901225,63.244576,1471.958342,73.146255
HARD_Meluke,HARD,Meluke,73,-3.687611474,-50.2211047,0.55427722,0.30602325,51.700027,3315.670393,65.13961
LBR_IceTech,LBR,IceTech,73,-5.116161316,-34.28133381,0.64439748,0.400309455,62.858032,1263.560277,71.27853
LBR_Addit,LBR,Addit,73,-21.93531869,-40.77721296,0.585772524,0.237411443,101.38642,1986.149567,69.95148
COM_DTreats,COM,DTreats,73,-11.6290065,-41.23391007,0.594260038,0.445388303,77.74271,2213.708333,81.876526
DUEL_Woo1y,DUEL,Woo1y,73,-2.839144916,-41.18831825,0.547027755,0.373723553,35.849514,2275.240597,72.65202
CG_ZrayGOD,CG,ZrayGOD,73,-20.06954751,-45.13302989,0.630066082,0.307539456,81.42249,1338.183454,65.93655
DUEL_Lampalot,DUEL,Lampalot,73,-9.201274357,-40.54263388,0.638081526,0.335178836,102.39854,1629.942905,72.37895
PeRo_longdd,PeRo,longdd,72,-2.060379153,-42.60405028,0.540634076,0.395002904,34.659676,1883.276655,71.227455
TL_clib,TL,clib,72,-8.260587767,-34.50863852,0.620961002,0.410211625,61.801857,2241.910191,71.02487
BSTN_Flamyy,BSTN,Flamyy,72,-12.78869343,-25.90118767,0.568224007,0.296053596,68.438385,1988.650188,70.855995
BSTN_Hjort,BSTN,Hjort,72,-23.74828293,-53.19427648,0.64616976,0.329166412,103.42858,2548.27153,65.23727
WS_TheWanderer,WS,TheWanderer,72,-11.18766201,-40.79115622,0.520568919,0.38328561,29.236166,2658.604434,67.401184
WS_Kemba7,WS,Kemba7,72,-14.47581405,-48.40476914,0.570691568,0.376593609,48.26384,1968.601698,69.536316
BSTN_Beami,BSTN,Beami,72,-1.874259426,-48.52645504,0.574633357,0.400936449,78.16803,2385.483513,74.88204
NAVI_Orange,NAVI,Orange,72,-10.92059426,-46.07505706,0.620677594,0.480247323,61.044403,2640.859199,72.71664
NAVI_Besto,NAVI,Besto,72,-4.033210412,-36.55171779,0.588898168,0.438548887,49.6247,2752.140336,69.12886
WS_Maxiz0r,WS,Maxiz0r,72,-8.880783792,-45.6654254,0.567189395,0.356632248,55.99329,1664.818172,74.29335
WS_OFSTRING,WS,OFSTRING,72,-8.954963181,-40.07035959,0.53591444,0.446955907,41.574554,2881.925416,73.06681
ETG_Thenderlost,ETG,Thenderlost,72,-10.17066338,-48.9856212,0.565095603,0.410030027,86.8981,2534.100276,74.67387
KX_LilGhost,KX,LilGhost,72,-12.35255799,-46.56995366,0.627346763,0.470093696,85.691986,1945.872613,79.93375
COM_Yaxley,COM,Yaxley,72,-4.031027779,-43.87998991,0.539637898,0.318584025,40.749287,2974.36916,64.754166
IW_BSD,IW,BSD,72,-6.264648888,-32.97005269,0.598794793,0.290086455,61.985264,2659.147547,69.28042
IW_shecreated,IW,shecreated,72,-19.05445237,-36.0337587,0.579341203,0.416102349,51.992752,2188.190318,75.4766
sW_Zoccer,sW,Zoccer,72,-1.610670853,-34.47399878,0.578774006,0.343617123,56.655132,2001.162051,63.30973
sW_ItzzChrizZ,sW,ItzzChrizZ,72,-4.64456038,-39.59791273,0.614045328,0.297551534,59.52323,1857.445187,72.8889
BSTN_Yellow,BSTN,Yellow,71,-9.085940661,-53.65429039,0.514915907,0.303924459,42.12957,2135.54445,59.079338
ETG_Hueth,ETG,Hueth,71,-2.911589858,-46.46405081,0.627492967,0.373718816,81.27735,1342.563212,84.011986
ETG_forever,ETG,forever,71,-22.79433798,-50.65702415,0.619725167,0.271515267,48.416958,2160.335692,60.160744
DA_Mitraleius,DA,Mitraleius,71,-4.567965579,-52.67212286,0.580211377,0.342752029,49.34505,2489.909905,61.023033
IW_rup7ure,IW,rup7ure,71,-10.88983808,-43.94257745,0.606623954,0.381568482,35.619392,1866.687278,75.36789
IW_LeventMdk,IW,LeventMdk,71,-4.097848351,-48.39539525,0.556845712,0.358324387,43.69209,3173.001556,71.30159
sW_KILYAKAi,sW,KILYAKAi,71,-1.751273306,-60.46005917,0.607042783,0.33653328,55.311275,2652.219322,73.700294
EM_k1nch,EM,k1nch,70,-19.49924408,-46.29006266,0.590205267,0.389757557,51.46486,2547.853549,70.9818
DA_mert,DA,mert,70,-15.41006106,-40.95111779,0.606544295,0.378315609,85.9395,1061.862693,72.72064
DA_Smash,DA,Smash,70,2.836789449,-35.09438509,0.621198113,0.445743659,63.549614,2586.985868,76.059875
VSG_WICK2D,VSG,WICK2D,70,-16.0721492,-58.43915323,0.581512333,0.434029924,45.95973,2125.215175,66.46875
T1_HelleN,T1,HelleN,69,-14.89793186,-45.67073385,0.628727418,0.41744237,106.43641,2266.746363,71.53602
DGE_f1nna,DGE,f1nna,68,-22.36419461,-44.20389795,0.563685574,0.281143869,87.85894,2659.764983,61.43495
CTG_WangZX,CTG,WangZX,66,-17.78561482,-51.95931435,0.568570034,0.390408227,65.71173,2103.538811,68.323494
sW_Braexco,sW,Braexco,66,-7.638883318,-55.0726321,0.588204621,0.426459997,63.930244,2460.796496,71.88783
BL_Kiss1k,BL,Kiss1k,65,-13.69800787,-50.58662213,0.5691531,0.313736026,23.275978,1728.242909,73.29837
BL_Faultlessly,BL,Faultlessly,65,-9.042724077,-46.6093542,0.623325015,0.344722937,83.7277,2290.203383,80.27016
BL_Art1_x,BL,Art1,64,1.230589458,-45.6376582,0.602832225,0.301903436,26.172,2852.8648,74.76975
BL_fate,BL,fate,64,-4.833267145,-31.89772814,0.607962101,0.413673849,48.67879,2235.670711,71.26487
MQ_sp1ce,MQ,sp1ce,60,-18.03776541,-54.45429838,0.557175182,0.343524756,86.767815,2933.224654,64.503784
DWG_Corn,DWG,Corn,60,-19.27130431,-41.01216402,0.584610887,0.396334623,50.390594,1479.02293,64.4128
OIG_Vama,OIG,Vama,60,-16.08372445,-45.4294902,0.652751593,0.325653914,109.06932,1324.812887,69.50293
COC_LuLualways,COC,LuLualways,60,-30.58709255,-52.11623973,0.629958751,0.435541012,93.10542,1787.243734,71.86095
CTG_Runo,CTG,Runo,60,-16.25436459,-59.28364875,0.570580526,0.354059641,33.02307,2804.610506,58.700127
CTG_Sia,CTG,Sia,60,0.711944975,-45.70284483,0.590870495,0.34896643,87.56145,2179.364769,84.96276
OIG_Cold119,OIG,Cold119,60,-13.50988095,-36.49440352,0.629366972,0.404010866,72.73671,1724.973926,83.93582
XJ_Lzy,XJ,Lzy,60,-13.39756576,-48.17735439,0.623409839,0.378057443,94.277664,2059.216879,70.597466
JT_DouM,JT,DouM,60,-11.67417744,-56.65339592,0.603657734,0.356124425,87.28388,2519.69544,71.16727
JT_Ruler,JT,Ruler,60,-13.31261895,-52.70098666,0.504049397,0.434018566,15.028568,3056.288496,60.921852
XJ_SSR,XJ,SSR,60,-14.61601245,-49.16556201,0.551768201,0.321203226,64.57686,3262.701707,71.59516
COC_SuJiu,COC,SuJiu,60,-18.02313268,-47.75589716,0.602445366,0.359867975,76.233925,1879.69736,70.40021
LGE_949,LGE,949,60,-12.67596252,-52.83229604,0.642083633,0.325673483,56.52688,1897.382399,79.19824
AG_1dog,AG,1dog,60,-7.211706293,-59.45765976,0.55822806,0.228065241,25.211863,3660.96713,64.40624
LGE_Xx,LGE,Xx,60,-33.24161627,-36.02721277,0.595817081,0.342253,27.588232,1502.551693,76.571465
AG_NGK,AG,NGK,60,-25.74667557,-60.42235062,0.584778606,0.451010703,41.46624,1850.359235,69.92834
DNW_Draft,DNW,Draft,60,-16.83959206,-52.3617144,0.620649622,0.323848258,27.215712,1793.449188,71.11455
emT_Piky,emT,Piky,60,-5.384130802,-51.93608731,0.511986935,0.285114907,37.133602,2634.464265,71.7552
VSG_DG98,VSG,DG98,60,-14.1176629,-50.22933731,0.593172868,0.386523685,52.292328,1717.919209,66.78943
DNW_LeClo,DNW,LeClo,60,-5.947679679,-42.59410024,0.585873457,0.370181188,44.14625,2016.778129,68.63956
emT_YunJong,emT,YunJong,60,-13.07404966,-52.73772181,0.619185058,0.393391826,87.21092,2437.359528,64.26571
DNW_seoul,DNW,seoul,60,-5.78833491,-54.19212624,0.568591413,0.453467755,39.002666,2348.941816,73.00813
emT_Hwarang,emT,Hwarang,60,-23.49725297,-59.0183904,0.630029499,0.353777886,91.050316,2625.719449,74.42837
emT_Gyuyeon,emT,Gyuyeon,60,-12.12012708,-45.12241079,0.579134225,0.343106031,51.41244,1426.317406,69.66042
T1_Rex,T1,Rex,59,-8.036132905,-48.70777252,0.522959882,0.420145271,33.51908,5165.810113,60.484974
JT_91Karl,JT,91Karl,59,-9.451013446,-42.46834989,0.560269961,0.327254353,80.02013,2840.853113,60.793983
ATC_Melon,ATC,Melon,58,-23.83387627,-32.17736635,0.586910394,0.37892331,56.07159,2805.466256,64.45606
DNW_JeffLocka,DNW,JeffLocka,55,-22.86380316,-45.38005235,0.625359369,0.364430163,74.50306,2322.568609,65.972046
WOL_Tianqi_Tezo,WOL,Tianqi,54,-3.934218009,-39.6525829,0.633989347,0.409620298,74.9606,1216.8815,66.61416
FBL_Haxete,FBL,Haxete,54,0.125578046,-31.60240053,0.665075356,0.358652269,67.2745,1748.92824,83.18501
SQ_TGLTN,SQ,TGLTN,54,-5.167091995,-21.75348316,0.581581053,0.523164365,103.54907,2795.822862,74.79853
RAD_Gaxy,RAD,Gaxy,54,-21.86435658,-37.1062628,0.719182173,0.488112891,50.03945,1477.711135,81.02196
DGE_Corsac,DGE,Corsac,54,-12.10855569,-48.22268883,0.649850698,0.359244364,42.894833,1888.878044,61.839638
ATC_KnorkiS,ATC,KnorkiS,54,-10.82311519,-32.98825381,0.549352653,0.429416259,34.72982,3126.70375,69.82339
FBL_rhyp,FBL,rhyp,54,-13.08842064,-40.99371912,0.669796617,0.418504421,70.91012,1967.584749,63.552628
PeRo_Monsters,PeRo,Monsters,54,-23.08608377,-39.42144306,0.597076644,0.398626221,70.81795,1431.720211,71.278854
DLG_Ru1n_Carabao,DLG,Ru1n,54,-21.27746874,-55.25943904,0.541525676,0.374485377,28.036777,3574.032327,70.57926
OIG_77owo,OIG,77owo,54,-9.679546738,-43.66874264,0.518598435,0.439887069,33.81244,3328.135213,56.79286
DLG_1LIN_Carabao,DLG,1LIN,54,-11.63399779,-49.46092134,0.642214831,0.510096243,72.562126,1494.161635,75.38461
VTS_jazza,VTS,jazza,54,1.683325893,-46.13088044,0.634480372,0.533129437,97.13836,2617.028234,66.69323
COM_Monte,COM,Monte,54,-15.8122807,-36.95280101,0.538711883,0.470009803,34.44215,3376.938321,72.854836
VTS_Keenan,VTS,Keenan,54,-0.608931265,-33.77150365,0.57564227,0.457049794,53.41755,2081.200069,75.10825
VTS_Sharpshot4k,VTS,Sharpshot4k,54,-5.197731168,-43.41517995,0.623123379,0.497326883,111.55259,1465.267651,71.73765
VTS_pentalol,VTS,pentalol,54,-7.915952988,-58.7557119,0.591176457,0.521202083,75.51918,2567.753491,72.58194
DUEL_DannyG,DUEL,DannyG,54,2.734645898,-54.2750904,0.559381121,0.458982794,26.3044,3085.967189,65.23949
CG_Crawfresh,CG,Crawfresh,54,-5.250386827,-39.24030405,0.666671401,0.39827538,27.413872,1151.286137,70.37451
ILL_icyflex,ILL,icyflex,53,-18.37440952,-51.44035492,0.634313982,0.529198976,97.680244,1955.116079,65.355965
ILL_Adam,ILL,Adam,53,-12.73940765,-34.06044036,0.548277119,0.344965834,67.02916,2766.06339,61.932716
LBR_SimplyMatt,LBR,SimplyMatt,53,-18.48196615,-37.56658873,0.679431941,0.405819505,58.078648,387.9306193,77.69161
SP_NEFiEX,SP,NEFiEX,53,-19.30936422,-59.3038663,0.47115826,0.346757497,40.37175,3199.193424,75.084045
T8_Weum00,T8,Weum00,50,-34.41529982,-26.12372095,0.623851182,0.283947846,42.446613,4005.563558,71.7108
T8_SteeZybb,T8,SteeZybb,50,-12.00587141,-54.78216016,0.592565158,0.49651975,40.094517,2091.629427,71.345695
S1_TsoK,S1,TsoK,50,-15.83514944,-53.80719776,0.514104791,0.26363359,26.397085,1272.556542,61.943077
VSG_Foxy,VSG,Foxy,50,-10.3526492,-51.4203707,0.551270287,0.428546744,34.244358,1475.30275,68.069565
S1_JayAllDay,S1,JayAllDay,49,1.051854748,-24.48893612,0.477161046,0.3928192,33.49149,3583.362489,60.62199
S1_Fizzle,S1,Fizzle,49,-19.83028352,-40.64759865,0.539173387,0.314394402,68.64232,1879.274081,59.380253
OATH_PATKAPS,OATH,PATKAPS,49,-14.72851786,-58.12354023,0.608760243,0.460273063,74.0378,2221.464357,77.11621
PeRo_Myllll,PeRo,Myllll,48,-12.49858913,-37.96600682,0.573607404,0.418479834,70.7589,1897.537103,67.591515
QM_Yuq1Flower,QM,Yuq1Flower,48,-21.71060027,-51.89319899,0.65802184,0.40157649,70.273506,1166.909227,73.00358
SST_CrazySam,SST,CrazySam,48,-26.42172647,-53.47597425,0.615137732,0.437733697,60.4255,1534.987796,71.24485
Tian_M200,Tian,M200,48,-17.39286739,-37.4729414,0.609234358,0.383046547,35.52688,1702.439975,62.10606
Tian_LuRenA,Tian,LuRenA,48,-5.006221086,-49.01376984,0.592761388,0.348351021,49.14003,1706.44433,71.97254
Tian_LinShuNN,Tian,LinShuNN,48,-10.94486061,-49.5582373,0.587174398,0.44552807,33.66849,2615.465599,66.92603
SST_Fhy,SST,Fhy,48,-19.16930308,-52.61174066,0.570697353,0.324565556,55.248787,1262.375387,70.01663
SST_poly,SST,poly,48,-19.37322024,-52.52001811,0.516048827,0.343162333,50.148727,2976.931787,62.97583
DA_CodeMarco,DA,CodeMarco,48,5.353937795,-20.92833673,0.622039598,0.54179913,39.51224,1871.211659,69.94793
ETG_Quetpa,ETG,Quetpa,48,-18.72667087,-42.7539086,0.490346106,0.363747416,46.75387,2998.735624,61.19439
RL_Naylup,RL,Naylup,48,-8.162727958,-36.34148971,0.543993876,0.467562,73.68475,2286.510036,72.654495
AA_GOOSYARA666,AA,GOOSYARA666,48,8.232442132,-54.71296349,0.588127721,0.423301304,65.20348,1218.761902,71.60302
NLT_Lu,NLT,Lu,48,-0.261136455,-47.7806648,0.540572823,0.499142012,89.36834,3138.633921,68.84166
WP_Myca,WP,Myca,48,-12.97073404,-44.62396249,0.669459288,0.361451416,84.14623,811.5758416,70.24931
BLZ_Lipsin,BLZ,Lipsin,48,-11.59052604,-48.01463923,0.577261425,0.306931747,72.96741,2075.244308,74.817924
BLZ_Apocalyp,BLZ,Apocalyp,48,-2.000973922,-49.27520823,0.486260827,0.393341948,17.13182,3247.148114,52.837715
BLZ_LAHZA,BLZ,LAHZA,48,3.26947369,-49.56547619,0.548258277,0.340865714,30.914179,2685.464894,69.61208
RL_mykLe,RL,mykLe,48,-2.141344517,-52.63402892,0.589338745,0.252895027,52.956512,2956.38631,70.56855
BLZ_rip9,BLZ,rip9,48,-14.09710643,-36.27903988,0.557872147,0.317211296,23.591,2389.217463,67.159134
WP_Himan,WP,Himan,48,-9.909797396,-49.15142441,0.603033136,0.482229366,77.445786,2320.923952,75.3752
WP_Nixtys,WP,Nixtys,48,5.131025314,-53.06124067,0.583324842,0.292624322,35.848785,2287.653128,77.04117
DLG_Dbei_Carabao,DLG,Dbei,48,-17.87615603,-47.20564847,0.627118945,0.406219679,44.160793,1655.998059,70.089134
MQ_T2de,MQ,T2de,48,-9.755610063,-55.74627953,0.50181531,0.421198721,49.02322,3335.915033,54.72621
CTG_T1antian,CTG,T1antian,48,-22.00396994,-52.65819502,0.50246012,0.449015271,37.688854,3637.237023,62.29378
DLG_PPPP_Carabao,DLG,PPPP,48,-19.63569223,-44.80146655,0.567563045,0.301587716,24.088276,2268.485277,69.30103
XJ_TJW,XJ,TJW,48,-13.50681851,-31.28789623,0.58855923,0.395162744,60.37036,1479.495413,73.75332
UT_Dan1mon,UT,Dan1mon,48,-10.87867154,-47.95068758,0.621950363,0.349442987,119.268906,2075.831943,69.46148
RYE_ADOUZ1E,RYE,ADOUZ1E,48,-17.42909762,-37.33384343,0.575286893,0.328214645,79.061485,3225.054461,71.78082
LGE_KEEGAN,LGE,KEEGAN,48,-18.32286789,-51.99996368,0.675015098,0.386025302,40.75772,1868.162523,71.43707
LGE_Kule,LGE,Kule,48,-17.50271088,-50.92847019,0.612166672,0.449414441,66.74892,1590.284285,83.201385
XJ_LongIyc,XJ,LongIyc,48,-23.1938231,-53.56092067,0.640787029,0.375392571,39.065582,2548.893182,65.7397
BOIS_Sikora,BOIS,Sikora,48,-18.10481484,-46.93509371,0.621969118,0.433999227,63.73923,1646.983911,62.394135
BOIS_Anonymous,BOIS,Anonymous,48,-22.42972714,-49.49687997,0.652639648,0.473566043,45.385967,2370.005222,80.871544
PINK_GIRYA,PINK,GIRYA,48,-5.005058289,-29.23658705,0.708464647,0.340726559,186.00334,1176.208136,73.90149
PINK_VampireGame,PINK,VampireGame,48,-21.50528789,-19.65606288,0.646827158,0.326644111,40.448654,2020.585574,70.03767
BOIS_Mise,BOIS,Mise,48,-3.461912964,-37.87602252,0.593431208,0.454342521,49.49618,1761.804705,65.069176
BOIS_NOOKIE,BOIS,NOOKIE,48,-18.26375129,-32.65151056,0.588051132,0.305651474,61.53887,2713.143274,70.304985
SST_kendesu,SST,kendesu,47,-44.0781699,-52.86270488,0.660743789,0.338790696,30.479668,2292.262601,73.27362
AA_HIBAKO,AA,HIBAKO,47,-14.6115293,-37.00887291,0.609632552,0.41395775,27.960222,1696.648434,63.654827
PINK_Archi,PINK,Archi,47,-11.37982339,-23.60391656,0.571699113,0.330330885,61.705124,2476.842031,63.883976
SP_Hwan2da,SP,Hwan2da,46,0.093733174,-46.60847796,0.572194184,0.402832797,61.54232,2518.055213,78.07557
UT_H1RUZEN,UT,H1RUZEN,46,11.59450349,-47.88513055,0.558339809,0.316288961,79.16786,4168.39573,64.825714
PINK_AIMLUL,PINK,AIMLUL,46,-3.98232387,-30.2745158,0.50407282,0.38821381,49.317085,2895.236907,68.53941
UT_SeT,UT,SeT,45,-21.78255253,-41.75256038,0.645397102,0.342243159,103.775,2516.057208,77.66882
VTR_Chibiritt,VTR,Chibiritt,44,-3.322230627,-28.73481894,0.610278934,0.453164519,73.6696,2190.342316,68.908676
CES_BAsill,CES,BAsill,44,-13.5401425,-45.00475357,0.542301908,0.429702331,59.98257,3627.941821,74.36425
FURY_Jouxy,FURY,Jouxy,44,-4.252825562,-47.26357135,0.631165388,0.499228022,50.86002,2353.680877,72.92225
VTR_C1moy15G,VTR,C1moy15G,44,-3.22293191,-50.2311148,0.533898993,0.340861063,25.73875,3105.218594,43.362316
VTR_GenFos,VTR,GenFos,44,-9.358472338,-46.30103179,0.571400854,0.444223583,68.16606,2910.460669,64.62795
BRU_Eaddy,BRU,Eaddy,44,-17.07727074,-42.98487928,0.64942791,0.358662682,63.94012,1741.457964,85.74182
DV_Leviz,DV,Leviz,44,-18.30324709,-37.48238362,0.580206539,0.375964159,44.425694,3344.798232,63.16188
BRU_GodMiao,BRU,GodMiao,44,-16.18573633,-44.07272887,0.62450119,0.516153299,34.82349,1928.17572,73.26577
FURY_Insight,FURY,Insight,44,-14.16611916,-56.75367456,0.673634092,0.427340917,64.49871,1088.430019,65.68657
VTR_Kamalz,VTR,Kamalz,44,-7.943804239,-41.25895485,0.556116331,0.507725639,48.045498,2872.041297,61.077766
DV_Turtle,DV,Turtle,44,-18.53324646,-66.73550715,0.456847064,0.356330944,25.521698,3991.285642,58.64326
DAY_Flash,DAY,Flash,44,-17.44480348,-39.75176565,0.644348095,0.428046132,89.09742,1604.971139,70.54925
CES_SsuBang,CES,SsuBang,44,-13.5730652,-62.09866632,0.621028316,0.433938524,77.37838,1257.106102,81.181335
BRU_Noardra,BRU,Noardra,44,-9.326165676,-55.54885973,0.639291639,0.407788427,51.76356,1953.112046,76.0787
STAR_Xtreme,STAR,Xtreme,44,-12.17156843,-45.41681222,0.608456538,0.39445064,29.1744,1595.011393,70.202934
STAR_Linksy,STAR,Linksy,44,-15.0219613,-33.82921431,0.580880564,0.427765428,100.323204,2247.772058,68.458885
DAY_vanOtica,DAY,vanOtica,44,1.194697889,-44.02644399,0.504649785,0.387503509,33.121918,2231.145907,61.10193
FURY_Ronon,FURY,Ronon,44,-16.41220665,-45.66428666,0.635474194,0.500983212,87.67186,1699.190788,81.08001
FURY_Ykikamucow,FURY,Ykikamucow,44,-3.096798987,-29.7523935,0.628954993,0.375907276,59.469036,2225.117801,73.27388
MSC_YoshiMinburi,MSC,YoshiMinburi,44,-17.23880408,-68.94319082,0.59899215,0.531726299,29.741978,2323.694449,79.6428
MSC_RossitedJR,MSC,RossitedJR,44,-15.20126127,-47.25056977,0.571412936,0.386881321,49.42713,2943.880298,66.58554
MSC_J4nku2of,MSC,J4nku2of,44,-23.83101471,-43.85878785,0.585116036,0.346109686,36.867443,3053.694352,65.34249
STAR_Zoidm8,STAR,Zoidm8,43,-21.45584018,-47.30908812,0.635410739,0.477500937,107.40008,1340.826591,87.73807
STAR_nicoos,STAR,nicoos,43,-17.5472964,-49.92823274,0.519928805,0.49183229,20.431625,2363.591119,57.46936
BRU_Conaxy,BRU,Conaxy,43,-17.94828548,-48.31363645,0.657541806,0.429613103,70.76014,1403.593803,81.36743
RYE_Naylup,RYE,Naylup,42,-12.55585799,-44.49724347,0.654504664,0.365011995,68.24947,1130.478274,78.32341
TMP_Wookiebookie,TMP,Wookiebookie,42,-6.421902339,-55.79576798,0.636227111,0.404876529,86.15667,2237.587104,61.543472
TMP_clib,TMP,clib,42,-2.057986705,-40.34784773,0.598143509,0.402735518,49.75609,3196.29659,69.5511
TMP_PiXeL1K,TMP,PiXeL1K,42,-6.006981441,-42.34440529,0.668091468,0.282460679,42.13937,1872.575,69.83687
TL_Kaymind,TL,Kaymind,42,-11.27999132,-32.61714156,0.546933215,0.375694359,41.34577,3325.117459,55.795185
EIQ_RedgieBeardo,EIQ,RedgieBeardo,42,-10.23563995,-48.23072357,0.583524826,0.309490774,72.49486,2243.877033,55.194756
AD_Noki,AD,Noki,42,-11.16957699,-55.1071307,0.575274823,0.272039337,48.596107,3693.478572,55.446774
AD_Fuhrax,AD,Fuhrax,42,-10.69773952,-32.68162966,0.600047707,0.362029091,31.62994,2644.295094,70.13665
RZ_iMomme,RZ,iMomme,42,-3.968753134,-32.76875105,0.612766927,0.246701803,44.77036,1660.720653,81.88105
EIQ_Hawki,EIQ,Hawki,42,-20.51626587,-52.50060477,0.597222855,0.33694038,70.40491,3064.315747,69.921646
EIQ_Nowikk,EIQ,Nowikk,42,-6.868515576,-40.35506196,0.503333477,0.288243621,33.725323,2773.682917,57.255016
NAVI_Bestoloch,NAVI,Bestoloch,42,3.30995704,-36.6334747,0.628596122,0.40306468,45.408623,3009.548173,72.569534
EIQ_Double,EIQ,Double,42,-11.27569252,-36.79346962,0.551922815,0.334170879,50.445614,3101.843558,65.51672
NAVI_Kemba7,NAVI,Kemba7,42,-6.639751389,-41.6564961,0.587075007,0.371836528,62.5995,2440.322068,71.263016
RZ_At0micaL,RZ,At0micaL,42,-2.385605005,-36.25519034,0.578186463,0.324037918,124.433464,3790.686008,62.013355
OIG_GuCun,OIG,GuCun,42,3.832301978,-48.7905499,0.566325329,0.404676066,48.133423,2744.143599,61.19995
CTG_Longz,CTG,Longz,42,-11.94257762,-58.55154419,0.572185571,0.369753603,53.34241,2440.054511,71.97004
TMP_TomiL,TMP,TomiL,41,-3.460202633,-40.45398376,0.629152504,0.509986915,75.38836,2992.624763,63.907196
RZ_MajsterZ,RZ,MajsterZ,41,-20.19082306,-56.81902566,0.63988546,0.360063874,40.27084,1620.698957,75.64151
FPC_miha,FPC,miha,40,-9.942048815,-51.17298151,0.581188646,0.440545322,97.854065,3413.71793,71.056786
FPC_YAYAVA,FPC,YAYAVA,40,-7.080768645,-50.68001095,0.622752582,0.382660238,50.96031,1588.334732,77.55219
RZ_Maccandark,RZ,Maccandark,40,-25.67843919,-55.66126665,0.542921511,0.384761844,25.367474,4342.026696,55.21878
AZG_Untop,AZG,Untop,40,-18.86880179,-50.23084579,0.559844052,0.426702361,36.23341,1582.406753,62.328243
AZG_Rage,AZG,Rage,40,-6.235074794,-41.40207558,0.642917292,0.421512999,41.207977,1384.903871,73.14542
AZG_Rozar,AZG,Rozar,40,-13.0993663,-39.43113375,0.562012693,0.388721036,41.36186,2782.01788,77.80198
AZG_SexyChan,AZG,SexyChan,40,-22.24798577,-46.08442255,0.558803885,0.235545857,26.82063,1550.533623,71.36833
DWG_CheongGak,DWG,CheongGak,40,-4.119471686,-60.93753143,0.58990169,0.402366906,12.952286,2008.830406,68.74013
SP_Rain1ng,SP,Rain1ng,39,-4.274252079,-49.45787476,0.591577116,0.412569121,58.898666,2406.54448,69.59603
NLT_The_Deep,NLT,The,39,-11.250597,-31.3989528,0.562652025,0.291977912,58.795296,3045.657879,63.13374
DWG_mick9y,DWG,mick9y,39,-15.82470463,-63.27991909,0.615527093,0.414861954,48.167038,703.8879658,83.70436
QM_desire,QM,desire,36,-29.4734958,-41.78091013,0.589753143,0.345700034,38.379665,1299.285237,72.47981
JT_Xp1227,JT,Xp1227,36,-19.13847303,-40.37285936,0.614830103,0.49946477,126.25497,1903.451177,66.97519
CTG_xLWss9,CTG,xLWss9,36,-19.11646495,-50.36819246,0.667397712,0.490017924,76.97059,1576.17147,83.306885
WOL_Arya_Tezo,WOL,Arya,36,-31.97655,-48.30365403,0.678682159,0.376652021,59.857723,1040.52897,62.6216
PG_HamiN,PG,HamiN,35,-16.68121954,-27.67267805,0.573255036,0.350502522,73.77193,2110.299645,49.634285
DNW_EEND,DNW,EEND,34,-24.86931749,-46.78371778,0.600953372,0.466229908,60.988457,1577.199945,73.56979
GRF_Hwan2da,GRF,Hwan2da,34,-11.01925935,-37.59974762,0.602793724,0.256785473,50.483185,1908.994364,72.99958
CES_HaiSaki,CES,HaiSaki,34,-10.35216873,-62.02270424,0.59057321,0.454273722,47.3607,2671.445608,66.56114
CES_zGou1,CES,zGou1,31,-3.491859768,-48.10199127,0.597108113,0.519741,43.03048,1220.747705,71.54592
SMG_17baolei,SMG,17baolei,30,-17.15269736,-55.6818589,0.667662865,0.271083591,46.415,1429.908741,75.15508
GBX_Pcuz,GBX,Pcuz,30,-11.88250811,-55.1155328,0.610010819,0.423444508,50.647057,1531.752223,68.45378
MNI_Cliff,MNI,Cliff,30,-12.04899541,-45.74846988,0.541966876,0.237862959,18.998186,1027.138748,76.47639
MNI_Method,MNI,Method,30,-17.97808075,-66.7533202,0.550409435,0.458859536,56.07215,1038.788185,79.34682
MNI_CQ,MNI,CQ,30,-20.06451893,-43.54211015,0.681354604,0.404896073,33.109085,540.3801226,73.97097
PG_PRINCE,PG,PRINCE,30,-29.4174336,-38.71026125,0.628252554,0.269424687,36.620712,2163.863447,78.183815
GBX_Chanwoo,GBX,Chanwoo,30,-16.8135609,-49.03629436,0.565446349,0.32618573,58.49197,1683.885876,64.754036
emT_Draft,emT,Draft,30,-26.52737684,-56.49574294,0.626477069,0.323461085,32.5348,2510.350517,71.27197
PG_Dino,PG,Dino,30,-17.63621818,-50.49975626,0.602517839,0.278261644,24.196297,2914.016786,55.419422
OPGG_int,OPGG,int,30,-27.3523386,-51.20746613,0.654445892,0.388838894,39.9429,976.8846494,70.07902
DWG_mickey,DWG,mickey,30,-14.37739409,-60.53759903,0.511194891,0.333772972,15.66122,4903.759211,68.54601
DWG_CRIS,DWG,CRIS,30,-13.42545408,-51.53789322,0.638001986,0.371128364,19.993666,2009.859012,60.061127
MNI_Forest,MNI,Forest,30,-18.44656158,-50.14565086,0.532801078,0.353505347,48.55264,2670.270041,74.51732
GBX_Aura,GBX,Aura,30,-21.81079587,-66.70520576,0.680560891,0.302798523,104.42595,2029.941759,82.79468
T1_JeffLocka,T1,JeffLocka,30,-17.20641627,-58.86126518,0.601807778,0.408495691,79.42879,1295.247743,68.58105
emT_Alphaca,emT,Alphaca,30,-10.14056676,-54.76192835,0.541331004,0.34028967,18.951733,3266.157964,71.663574
DNW_Raeng,DNW,Raeng,30,-1.051794907,-50.62207025,0.606074812,0.363357666,74.77338,1390.169299,72.65282
RPL_1ntiV,RPL,1ntiV,30,-22.68677124,-46.17769257,0.515861838,0.265464333,40.80836,2025.291674,67.94553
APK_Rain1ng,APK,Rain1ng,30,-17.18982464,-32.86345918,0.664529016,0.354317517,71.27802,1528.641048,70.63326
APK_Hwan2da,APK,Hwan2da,30,-19.00748433,-61.06152458,0.614953476,0.459179999,97.74014,2065.274184,79.26462
RPL_ParkChaN,RPL,ParkChaN,30,7.584945997,-42.22603029,0.613044101,0.385191042,8.701,1248.718711,61.274475
STA_Hwarang,STA,Hwarang,30,-9.179544449,-36.62410631,0.618476891,0.428054694,39.588314,1608.947,68.66123
APK_maczora,APK,maczora,30,-14.2143451,-40.55660332,0.541815755,0.556175408,96.559685,2933.617193,63.81478
STA_Jungdong,STA,Jungdong,30,-23.08493946,-41.88740602,0.586414109,0.380996699,21.07739,2055.272748,79.52847
RPL_Doris,RPL,Doris,30,-14.24265739,-59.19441366,0.58347418,0.357792874,28.537949,2028.290579,69.353516
STA_YunJong,STA,YunJong,30,-14.53347981,-48.25034678,0.621341486,0.414180443,41.728157,2627.823804,63.813633
AF_Daengchae,AF,Daengchae,30,-46.06857815,-60.27363954,0.637313615,0.440199288,142.9931,1207.414458,84.75123
AF_NN,AF,NN,30,-27.19510008,-51.18669965,0.532793517,0.406993604,61.945595,3178.434335,72.88469
S1_SneakAttack,S1,SneakAttack,30,-3.29777767,-62.28665733,0.528748604,0.328752283,30.979704,1457.769343,47.32135
SDR_Inn8,SDR,Inn8,30,-13.06192398,-25.14818592,0.511425017,0.349373196,41.137955,3027.008285,62.381413
GVT_Zoveren,GVT,Zoveren,30,2.907281323,-42.06378876,0.612935771,0.204604396,35.56621,1058.115678,63.864555
GVT_Yusougle,GVT,Yusougle,30,-23.2672743,-65.22626033,0.603135845,0.242675098,98.336174,3142.699882,70.54594
GVT_Pankill,GVT,Pankill,30,-24.3902735,-34.10151863,0.549253631,0.365131415,13.072286,2087.546006,47.736877
YAHO_Poonage,YAHO,Poonage,30,-8.455169487,-56.54087708,0.712549986,0.275810523,132.23175,533.7894491,69.60681
GANG_Flow1e,GANG,Flow1e,30,18.80736364,-50.34237493,0.68987599,0.204640552,14.239133,901.4413517,67.37352
GANG_Nitrogen,GANG,Nitrogen,30,-16.8351076,-38.62347633,0.574079727,0.380081089,60.62032,2452.893263,72.57317
ORN_ILGwenStacy,ORN,ILGwenStacy,30,-19.14318705,-38.16403948,0.560037835,0.392258957,42.703876,1683.683852,72.108345
GVT_Nlan,GVT,Nlan,30,-16.04187192,-55.44641862,0.520253559,0.187679848,6.632393,2172.248907,63.68132
ORN_Decinator,ORN,Decinator,30,-11.79472278,-40.77473187,0.536145609,0.414880848,13.3,2031.849609,67.070015
T8_Lush,T8,Lush,30,-29.90882192,-37.45858304,0.675497443,0.389230587,52.695072,680.7510111,72.80211
GANG_Tetra,GANG,Tetra,30,-8.710137261,-31.28056597,0.576987676,0.267480317,50.94926,2714.583797,74.14486
SDR_Subtle,SDR,Subtle,30,-20.13465809,-22.27700076,0.630739105,0.385825545,66.61189,1321.721676,74.86728
T8_Zealot,T8,Zealot,30,-23.00241232,-17.59685584,0.601902883,0.384875616,75.79071,2230.684184,80.79981
SDR_Deadeye,SDR,Deadeye,30,-19.79217886,-39.56427519,0.578668574,0.277907801,97.834,1344.36752,98.274254
DF_SoupBTW,DF,SoupBTW,30,-26.09506151,-58.84354577,0.629871555,0.430635843,61.59326,1077.754968,71.662796
DF_Skazka,DF,Skazka,30,-35.36904939,-40.08975161,0.721254558,0.31303075,60.653,578.7469395,90.72245
EM_Smoke,EM,Smoke,30,-32.16065216,-49.64573983,0.508836697,0.35518539,53.421772,3863.107226,77.94767
KP_Black9,KP,Black9,30,-15.79778819,-62.47745961,0.611041097,0.466939304,57.297318,2905.396901,67.19168
SP_Corn,SP,Corn,30,-18.23271497,-48.81056824,0.569707751,0.43736082,50.44489,2196.472098,70.10038
KP_taemin,KP,taemin,30,-11.58592584,-57.66074753,0.658218303,0.271030636,99.556595,1145.177474,81.83984
KP_Joy,KP,Joy,30,-20.74104004,-48.85808846,0.636736518,0.429135289,53.52103,1691.100413,73.98669
FPC_Order,FPC,Order,30,-40.3346138,-46.44402451,0.613100421,0.366155667,33.138332,1135.070826,52.187862
DWG_Int,DWG,Int,30,4.514573147,-49.76909908,0.607907756,0.40351646,28.099262,1866.966337,81.88388
AF_EJ-,AF,EJ-,30,-2.098826706,-71.66078424,0.553091952,0.334702652,43.65125,1887.287572,70.38066
FPC_KaXha,FPC,KaXha,30,-31.91482853,-62.47116041,0.660748345,0.274868922,87.70324,863.2731809,83.97591
emT_seoul,emT,seoul,29,-13.27431175,-59.55680903,0.574910314,0.488546703,39.36576,3256.205422,76.88319
emT_LeClo,emT,LeClo,29,-35.27551024,-46.00994428,0.600196951,0.384579875,98.58543,1337.120168,77.30147
GBX_BBoN,GBX,BBoN,29,-29.53503097,-50.20416396,0.616461118,0.42471695,57.922455,1156.781871,69.08262
DNW_DG98,DNW,DG98,29,-4.739674961,-44.26464767,0.48328716,0.402691046,38.868355,2906.486055,58.916805
RPL_Despair,RPL,Despair,29,-8.24403516,-50.52365014,0.52984202,0.387259268,13.728941,1073.362236,59.42744
ORN_Potato,ORN,Potato,29,-31.30217743,-43.5410287,0.609904957,0.264424831,114.346115,2212.543284,61.343353
ORN_Ranger,ORN,Ranger,29,-9.710623605,-36.78444133,0.557858827,0.379740919,14.105047,3490.711746,52.85753
YAHO_wo1f,YAHO,wo1f,29,-32.15943818,-55.61825581,0.614304041,0.39544079,79.51805,2002.458484,72.13307
YAHO_Shinboi,YAHO,Shinboi,29,-8.017529806,-25.37002468,0.579457804,0.381570303,32.463665,1870.67706,71.41888
YAHO_Microfry,YAHO,Microfry,29,-7.123477789,-77.01983677,0.545277981,0.307467532,50.49346,3614.436607,55.76364
DF_Vexyl,DF,Vexyl,29,-22.04347324,-57.18944556,0.697224997,0.451593353,71.15575,948.9737812,80.75307
DF_Infamousss,DF,Infamousss,29,-24.59692562,-45.86519711,0.650516423,0.1621337,48.343937,1431.821788,71.98823
DWG_DoYa,DWG,DoYa,28,-18.01473648,-59.73384931,0.454098769,0.456937755,41.203632,4069.089177,75.38183
GANG_p4tr1c,GANG,p4tr1c,28,-1.25476181,-45.91927201,0.656415775,0.368427816,136.71236,2066.367855,72.62493
LVG_ParkChaN,LVG,ParkChaN,25,-17.6927813,-46.60550346,0.476620473,0.183333333,25.155615,2087.77202,78.388794
Tian_Z9Max,Tian,Z9Max,24,-6.504999691,-44.29586679,0.635793681,0.268310767,32.188446,2301.156458,67.50065
SDS_Zack,SDS,Zack,24,-30.12195587,-58.39398232,0.532886273,0.342446442,77.349144,4452.540608,77.20395
4AM_PigNan,4AM,PigNan,24,-14.11647342,-46.10467046,0.560119861,0.483396287,21.793922,715.0477059,67.85274
E36_Sylphia,E36,Sylphia,24,-28.08043232,-39.80101344,0.68527275,0.489531427,28.80145,1013.624025,85.79597
E36_Pureboy,E36,Pureboy,24,-34.87828052,-62.48091805,0.59776888,0.428486917,25.695875,766.680492,86.04645
COC_Lilghost,COC,Lilghost,24,-8.139501506,-49.42355902,0.590159998,0.225621118,36.454758,1843.828634,80.38363
GEXA_Lokslokkk,GEXA,Lokslokkk,24,-25.39411587,-43.33350293,0.720230252,0.372508212,53.32061,876.4813385,68.726845
SDS_KJAY,SDS,KJAY,24,-15.5235027,-49.8056385,0.491546867,0.374319576,18.133,2717.897445,70.877266
SMG_17Lanren,SMG,17Lanren,24,-38.71642647,-62.86014566,0.563703091,0.395580338,18.5304,2925.643898,49.99652
COC_lulualways,COC,lulualways,24,-19.88082873,-19.07197801,0.608616648,0.421631806,85.03831,2518.814277,77.49692
GEXA_Savior,GEXA,Savior,24,-18.90956609,-48.24423798,0.641111988,0.365585144,51.681942,1626.72821,76.777275
E36_amonot,E36,amonot,24,-13.57162902,-54.92646265,0.570220923,0.356106764,10.421176,1457.726694,62.65161
E36_satou,E36,satou,24,-5.512724495,-53.12946315,0.57594548,0.458308539,11.1701,1188.501916,75.78578
SMG_17Smallccc,SMG,17Smallccc,24,-14.11455194,-57.26130447,0.443113475,0.186055863,40.072582,4729.327566,36.627796
SDS_Yuri,SDS,Yuri,24,-43.27887691,-60.95073627,0.621090386,0.439718663,26.313728,686.1309767,78.065895
SDS_uKL,SDS,uKL,24,-24.4799366,-67.94804292,0.527747064,0.406954248,60.62079,1811.578489,52.66388
303_Iuriboi,303,Iuriboi,24,-0.224911928,-40.9652878,0.620333527,0.272696534,35.47575,175.7743741,80.73477
PULL_Vanti,PULL,Vanti,24,-30.58606357,-57.95918201,0.597175331,0.446205201,73.65674,2574.114559,74.943726
PULL_B3nce,PULL,B3nce,24,-1.131000137,-39.87126981,0.672126025,0.334563022,71.9796,2473.318915,74.619316
APKS_intenZ,APKS,intenZ,24,-22.25550631,-52.26614515,0.671349253,0.307794513,72.153366,754.6344477,80.1663
APKS_ivel,APKS,ivel,24,-13.07784713,-60.59089851,0.623114548,0.356672139,32.85821,1883.11029,58.053185
APKS_C4LVIN,APKS,C4LVIN,24,20.80902052,-38.59695793,0.467076695,0.296638107,24.6822,1742.479637,55.547802
PULL_Creator,PULL,Creator,24,3.199330835,-57.11123931,0.641077876,0.384307658,30.289001,1963.992479,66.699
AA_Dan1mon,AA,Dan1mon,24,9.747666889,-40.68832541,0.513280002,0.433638256,43.561275,2153.017992,65.68133
AA_gr4G,AA,gr4G,24,-28.21042851,-51.25132149,0.48610675,0.271191814,31.390001,5117.532851,60.962734
PULL_Luki,PULL,Luki,24,18.4819959,-54.82310463,0.586713243,0.490738964,7.5491667,1887.492614,58.054165
303_Crissmazing,303,Crissmazing,24,-32.71997574,-34.10853537,0.667773812,0.28745875,69.03815,1742.583104,77.51401
303_kobbri,303,kobbri,24,-45.59438324,-26.94294033,0.61276429,0.345390367,100.44492,1010.709925,67.44195
303_aNON1M,303,aNON1M,24,-10.94251605,-39.14722201,0.579233229,0.437417936,78.05736,2477.705892,85.26854
NH_MMingDD,NH,MMingDD,24,-6.936859785,-58.32159589,0.679012489,0.547289413,43.730114,1665.169266,80.714516
PeRo_LongDD,PeRo,LongDD,24,-15.43714905,-58.94173041,0.586439209,0.476993078,10.830334,2046.747826,57.73973
K7_Lokslok,K7,Lokslok,24,-10.09859197,-60.4720343,0.632686746,0.409532647,12.262882,3339.31897,67.92492
PeRo_Myl,PeRo,Myl,24,-3.305865214,-54.80832185,0.581627137,0.327582582,23.010923,1321.266687,81.30281
K7_Savior,K7,Savior,24,-32.58568873,-39.42205628,0.622120014,0.441569163,29.233477,598.2427983,85.5907
K7_BuYoHoo,K7,BuYoHoo,24,-30.10775121,-39.37605314,0.617321256,0.3523732,31.75,1193.413747,55.387497
NH_liKeNan,NH,liKeNan,24,-25.34003857,-39.71393903,0.592090935,0.350699367,35.1595,1543.554998,47.996605
DGW_Machao,DGW,Machao,24,-21.9503355,-59.47106478,0.593856364,0.360638319,20.93032,1857.564608,68.82239
MCG_Tanki995,MCG,Tanki995,24,-6.597727226,-45.37365618,0.591889345,0.537266302,32.647243,3884.253529,66.73186
K7_ZhenNan,K7,ZhenNan,24,-7.7119174,-48.43693716,0.490264819,0.409700183,25.14505,5284.604703,57.139553
DGW_Melofo,DGW,Melofo,24,-38.37833246,-55.92077749,0.682932136,0.25185008,46.094334,226.2821784,78.49078
DGW_SSeeS,DGW,SSeeS,24,-3.481538626,-50.19814802,0.531063822,0.256149098,13.097846,2415.530283,64.65186
GEX_MaoYe56,GEX,MaoYe56,24,0.397753398,-59.69940076,0.564469571,0.300729483,7.3204665,1116.779394,75.25495
GEX_YanLi,GEX,YanLi,24,2.739954224,-42.04412905,0.5326817,0.375843662,20.03228,1576.642555,73.894104
DGW_Gokuri,DGW,Gokuri,24,-39.14252046,-50.78841963,0.646523737,0.399839466,45.423,724.7619329,68.1854
GF_PartyBeetle,GF,PartyBeetle,24,-4.552757724,-34.5169477,0.463665485,0.382879757,87.60855,7535.166872,73.94679
AA_jeka05firero,AA,jeka05firero,24,17.13270264,-69.79591465,0.522770463,0.414438609,19.9412,775.2024733,73.99614
SNIP_StEAL7hy,SNIP,StEAL7hy,24,-0.715284011,-46.60606705,0.67420966,0.500384606,75.619,710.5400527,76.56271
GF_Aaab,GF,Aaab,24,-24.90956481,-48.94535828,0.640933658,0.301709402,108.065346,899.2622285,72.31643
TNP_HellScream,TNP,HellScream,24,-3.774471716,-50.54247634,0.591008265,0.306961746,60.231953,2056.297047,72.81521
SNIP_croman86,SNIP,croman86,24,-18.40948004,-34.93296849,0.635508996,0.285855704,81.20916,2133.064234,76.71908
AA_Dream4u,AA,Dream4u,24,28.62227319,-36.617738,0.602510281,0.29484301,24.710545,303.2819162,60.564934
SNIP_ZEKO,SNIP,ZEKO,24,3.826035182,-69.13317802,0.631906871,0.409971487,38.344036,1190.167864,57.870865
TNP_boggar_T,TNP,boggar,24,-5.815042267,-30.12855409,0.488630992,0.320648844,12.47608,1781.652622,60.000843
TNP_Sco0by-,TNP,Sco0by-,24,-9.516665649,-56.72090025,0.644199026,0.451255149,95.37427,1018.353658,72.29391
TNP_ZorF,TNP,ZorF,24,-10.13407162,-2.918494754,0.583583294,0.391231546,53.031143,2723.710731,69.61246
WP_eXvolution,WP,eXvolution,24,-9.75889004,-54.49908166,0.620334065,0.42858377,42.966236,843.0133632,58.64285
JT_Deadpool,JT,Deadpool,24,-13.66641871,-29.52061628,0.608174931,0.405643109,118.42983,2441.108967,74.24016
XJ_JiSibabe,XJ,JiSibabe,24,-9.722036061,-30.52285051,0.553412702,0.227628205,14.163263,2940.121107,79.6482
ETG_CodeMarco,ETG,CodeMarco,24,-4.704020465,-51.4817992,0.637569027,0.400037048,42.95911,2159.36546,78.624794
DA_SIXMO,DA,SIXMO,24,-45.02911758,-54.97940306,0.643428286,0.305507866,7.21525,685.8163347,68.200134
AD_toundo,AD,toundo,24,-12.45352947,-54.56330722,0.633286533,0.193386621,103.14924,1681.969383,80.274734
AD_pHILOU,AD,pHILOU,24,-2.141041605,-35.86597776,0.654599014,0.291576477,125.316895,1380.346724,67.469284
WP_Kompot,WP,Kompot,24,-12.00307922,-44.11882646,0.585116213,0.260815929,51.920532,1607.354893,81.213776
TRS_PanchoKZ,TRS,PanchoKZ,24,-25.10094939,-64.71381588,0.549369368,0.361855092,38.51611,5105.229371,57.89022
TRS_Top,TRS,Top,24,-14.59259631,-71.02637833,0.623054098,0.616548159,87.54082,1789.346244,64.773155
TRS_AnyWayEz,TRS,AnyWayEz,24,-27.31730151,-58.88570504,0.696910333,0.273483665,54.971436,920.1420432,83.009125
FB_MrSedat,FB,MrSedat,24,-7.752333196,-53.23535819,0.542212873,0.327956311,5.3897333,3291.02146,55.082283
FB_scof1eld,FB,scof1eld,24,-12.13471667,-56.66002242,0.556940138,0.310856133,45.203667,3131.905573,70.41734
FB_Rid1,FB,Rid1,24,-9.139441038,-44.63513875,0.512484134,0.448009554,7.425526,3605.701582,49.08331
TRS_ttsN-,TRS,ttsN-,24,-15.93345261,-44.6245211,0.647869318,0.4267544,86.615,1974.633672,80.62993
OIG_Lx,OIG,Lx,24,-16.73294112,-46.9562677,0.524401271,0.351487633,108.79241,8764.688137,65.99619
MF4_SinisterHS,MF4,SinisterHS,24,-18.61706031,-70.15242459,0.656357234,0.370667741,26.209684,2105.687315,56.899597
MF4_seniks,MF4,seniks,24,11.44607798,-35.81387238,0.438953639,0.409937267,29.830666,954.3946033,59.55237
DV_GoldBee,DV,GoldBee,24,-13.08776751,-45.89631139,0.651473356,0.305802307,34.038,795.9307841,90.168846
DV_Bulbalord,DV,Bulbalord,24,-17.21968943,-59.99286949,0.49025698,0.47092304,5.8626666,3627.841122,61.191223
DV_APTYP,DV,APTYP,24,-16.90623355,-31.94908463,0.635085632,0.16218526,41.993187,2761.22734,77.40589
MF4_rappha,MF4,rappha,24,-24.68227249,-52.35117458,0.595097363,0.432114364,65.233185,1371.958899,75.42715
NLT_Deep,NLT,Deep,24,-11.0827926,-38.92478319,0.61221607,0.621230549,44.898777,3570.705864,70.09279
MF4_dogz3R,MF4,dogz3R,24,-31.47590171,-60.88324293,0.623161607,0.362080635,95.40339,1718.534647,79.844154
LGE_Manguo,LGE,Manguo,24,-25,-64.33193779,0.678513357,0.322881106,16.001625,1114.553785,84.985245
BAE_sophiya666,BAE,sophiya666,24,-22.2543354,-32.96432046,0.676801257,0.28785014,76.104485,1499.192813,74.15033
FTF_Nandoo,FTF,Nandoo,24,-10.30117216,-22.82477599,0.663939255,0.419575594,43.004158,2005.012928,73.54895
XS_jKenn,XS,jKenn,24,-9.061442417,-46.39443285,0.604363299,0.333521534,55.485,1166.243724,74.45124
KT_styleG,KT,styleG,24,11.36363636,-41.89800088,0.579276265,0.225102394,29.53709,4098.066814,60.702103
AAP_k1lla,AAP,k1lla,24,14.52689913,-50.33519583,0.652016301,0.296388796,39.613667,4300.951738,83.88204
MG_Sulabi,MG,Sulabi,24,-7.96779043,-62.48855972,0.591118961,0.40785436,14.827909,1086.498257,66.472984
BAE_Lokies,BAE,Lokies,24,-0.631708228,-66.61497815,0.55220302,0.531228404,44.119175,1981.2351,57.31035
FTF_Defiand,FTF,Defiand,24,-5.426875114,-39.85778259,0.506904554,0.345904762,5.7925,2856.137603,49.284294
DV_Dyann,DV,Dyann,24,7.330755997,-51.34699359,0.587109663,0.410287219,77.8587,1514.688349,71.003296
DAY_PuuChiwz,DAY,PuuChiwz,24,-25.66581345,-46.08109816,0.583672248,0.41328373,62.547768,1012.828897,79.838066
BAE_Fludd,BAE,Fludd,24,-12.62954542,-0.764777422,0.565068688,0.415064119,50.137535,3892.247671,62.77267
DV_JEnd,DV,JEnd,24,-3.184564096,-54.82733272,0.620853225,0.333938263,83.01678,1088.324216,78.23562
GH_GodNue,GH,GodNue,24,-2.179235953,-64.05967082,0.487449069,0.418553439,19.719296,3013.357483,56.57804
GH_someth1ngelse,GH,someth1ngelse,24,-5.262832369,-20.34718622,0.582463745,0.258351347,43.999096,2964.480431,75.426125
DAY_Nourinz,DAY,Nourinz,24,-18.09282528,-65.27498805,0.639848768,0.484055606,78.82364,3030.727505,66.892494
XS_NgocTan,XS,NgocTan,24,3.679101944,-37.10606326,0.493023643,0.343427086,4.2610626,1340.466098,45.108982
DxG_LONGK,DxG,LONGK,24,-15.68780182,-36.32701484,0.659512325,0.507571473,122.60024,1655.056782,76.67252
DxG_FerGus,DxG,FerGus,24,-4.445159912,-43.11654465,0.553758895,0.323676321,14.329499,4202.062336,64.47408
FTF_Awkarinnnnn,FTF,Awkarinnnnn,24,-18.87203884,-50.47867384,0.566507095,0.497313797,12.5399,1477.055115,70.091095
GH_Clories,GH,Clories,24,-0.733199063,-41.35263125,0.601615445,0.372594594,82.94871,1354.103537,86.191475
BAE_Neferhor,BAE,Neferhor,24,-21.2976653,-42.72916106,0.584977557,0.510144928,78.68973,2250.231085,71.53046
AAP_Momonjii,AAP,Momonjii,24,-6.851961408,-32.48210135,0.649419865,0.432916016,41.34293,637.7789219,69.633545
AAP_CeeJay18,AAP,CeeJay18,24,-14.66008158,-34.68229866,0.64818907,0.290919878,28.234407,767.6806393,82.80694
KT_botbas,KT,botbas,24,-6.410398865,-53.46688118,0.637341896,0.343016238,30.3441,770.5128621,66.52972
KT_NezA,KT,NezA,24,-6.400638132,-29.27459864,0.646223785,0.29007177,60.29012,1162.045118,81.341156
KT_Moosatae,KT,Moosatae,24,-14.4928721,-26.53897908,0.561633083,0.365419587,136.28078,4622.351543,67.84684
AAP_Kalbs,AAP,Kalbs,24,-13.64931181,-44.62064127,0.578931338,0.436274279,40.266113,1307.326645,69.08232
BJK_xLyron,BJK,xLyron,24,-10.28917797,-51.55331842,0.610761429,0.385510743,52.267334,2259.690431,59.134693
BJK_Metebey,BJK,Metebey,24,-24.8368131,-57.79446583,0.635818009,0.351062513,49.01433,1880.547615,64.65042
BJK_C4RL,BJK,C4RL,24,-2.434374809,-29.66499673,0.563364569,0.308109901,25.724438,1871.834381,42.44207
TQ_Killstill,TQ,Killstill,24,-43.16371632,-42.13396301,0.612781982,0.308721264,26.2384,1227.002521,77.35224
TQ_1440x1080,TQ,1440x1080,24,-2.52053607,-28.29272135,0.587507211,0.297357061,17.603075,3236.451555,73.535225
UT_Orange,UT,Orange,24,-1.045645352,-28.66232385,0.672939201,0.489573438,121.699066,2235.490914,82.2449
TQ_Braba,TQ,Braba,24,-13.93556415,-35.48809783,0.641852892,0.209656085,31.948444,1473.36994,75.606384
BJK_ctrkN,BJK,ctrkN,24,-13.57333323,-49.23577649,0.488015797,0.223030876,68.18307,3614.566634,65.02192
SMG_17Baolei,SMG,17Baolei,23,-33.44184473,-47.38530831,0.70246041,0.454211841,100.332054,1152.010403,81.149635
GEXA_ZhenNan,GEXA,ZhenNan,23,-30.69293075,-59.14342067,0.633033052,0.449706693,73.61428,688.5066486,72.87157
APKS_SIMSY,APKS,SIMSY,23,-10.76385568,-35.5715179,0.700372691,0.243886783,70.085106,854.9737922,78.63717
Tian_mingz1,Tian,mingz1,23,-4.60343621,-56.59729195,0.496620133,0.259249141,52.255318,3758.804348,63.785343
GEX_Cc,GEX,Cc,23,-14.03880719,-56.89516663,0.415509178,0.528112829,38.2215,6530.319,44.491417
GEX_Leo,GEX,Leo,23,-14.85161365,-38.25750653,0.626789788,0.196506892,61.158684,1307.689438,74.82596
GF_Ticko,GF,Ticko,23,-21.60808267,-52.67923984,0.672946433,0.415403896,65.81533,2466.854656,80.84016
GF_TekkerZ,GF,TekkerZ,23,-0.189378437,-45.47607734,0.566786776,0.317449941,87.59832,2656.37423,61.19352
SNIP_LukeeV,SNIP,LukeeV,23,-11.8100001,-34.18070595,0.405050545,0.327113834,163.36684,1952.976045,58.66402
UT_POKAMOLODOY,UT,POKAMOLODOY,23,-10.83630553,-47.50404725,0.515287682,0.370768314,14.642142,4006.063026,56.22525
FB_Kalimdor,FB,Kalimdor,23,13.30579758,-44.98103291,0.637812472,0.18057352,19.478,786.6410456,73.8553
DV_IllidanSR,DV,IllidanSR,23,-6.980248928,-66.1746719,0.545938934,0.411435008,102.31587,1901.503605,44.029495
MG_TongK,MG,TongK,23,3.026363903,-36.01921163,0.670492596,0.329975101,88.73455,1406.089711,81.81654
MSC_ve6agod,MSC,ve6agod,23,6.236967087,-52.33817963,0.552927218,0.245165945,36.36975,3585.775778,61.552242
TQ_Redzyy,TQ,Redzyy,23,-31.22200614,-26.42972456,0.696717284,0.30472763,107.007385,1257.866455,68.14764
CES_Smell,CES,Smell,23,-32.04083095,-47.41382288,0.56804795,0.422277284,58.200882,2490.003138,82.10099
4AM_We1st,4AM,We1st,21,-28.89741093,-50.91568173,0.545689877,0.480414847,41.201565,989.6434332,81.57761
CK_JunHyeog,CK,JunHyeog,20,-22.10840391,-29.56033606,0.664949045,0.478008179,44.864334,256.597459,78.95462
PG_LexGod,PG,LexGod,20,-20.81320095,-58.75386928,0.706997107,0.302830076,53.108833,1174.720952,87.45473
CK_Dohyeon,CK,Dohyeon,20,-4.494000554,-52.88660005,0.637709607,0.205709976,63.763313,677.5113325,68.39573
PBN_OH9,PBN,OH9,20,-12.0669566,-39.70756967,0.415205761,0.30105133,24.326653,6303.25178,68.33703
PBN_DParis,PBN,DParis,20,-21.48762944,-57.59197841,0.576725743,0.348272286,31.765263,1859.257006,78.038734
PGA_Charsiu,PGA,Charsiu,20,-17.98656909,-45.94025712,0.687916931,0.297503374,36.636833,513.2097117,104.093414
PGA_Heemin,PGA,Heemin,20,-15.00286902,-43.00789351,0.564279876,0.290424402,34.65557,1552.281204,70.354675
GEXA_BuYoHoo,GEXA,BuYoHoo,20,-38.0386065,-59.45202187,0.643124415,0.308058608,97.815926,681.5040419,84.168304
SQ_Gae9uu1,SQ,Gae9uu1,20,-11.12124991,-65.44881038,0.478709485,0.113157895,9.964188,2250.369114,48.86946
SQ_uxxxn,SQ,uxxxn,20,-19.60833316,-48.75561728,0.590413697,0.185714286,18.369888,1860.85105,56.27654
DNW_CheongGak,DNW,CheongGak,20,-26.09813104,-53.1157347,0.697683642,0.263112098,39.4828,1321.115038,57.678497
SQ_Order,SQ,Order,20,-21.76968269,-55.80524216,0.498808353,0.286753145,22.812,2124.300917,63.137066
WCS_Angry,WCS,Angry,20,-7.886531957,-58.44900052,0.625491101,0.259097723,85.08493,3498.529814,61.126568
WCS_Chaebin,WCS,Chaebin,20,-42.0602932,-56.09994664,0.609924471,0.208123249,12.9775715,453.6779708,89.81721
WCS_Hanya,WCS,Hanya,20,-12.98546812,-47.84535378,0.635994728,0.295040632,58.725887,1886.896301,69.27175
A13_Merald,A13,Merald,20,-11.68503952,-62.9181989,0.572408782,0.338731505,48.4519,2819.306881,75.53494
STA_Piaz,STA,Piaz,20,-16.19125009,-42.81800071,0.586155083,0.395631515,43.913563,1499.69349,58.33729
WCS_JUN,WCS,JUN,20,-11.34908988,-57.63324366,0.591895567,0.368794618,121.23373,2670.744297,74.984505
A13_Gyuyeon,A13,Gyuyeon,20,-17.70090849,-25.81309309,0.532621249,0.257565789,6.8239093,4742.82045,55.03151
A13_Curious,A13,Curious,20,-9.815789722,-55.1757095,0.653846737,0.40988501,44.84357,1036.995855,83.23551
A13_EVERMORE,A13,EVERMORE,20,-37.07816315,-49.10065317,0.520694312,0.265392323,11.727445,1384.588138,64.30762
APK_KIMGONI,APK,KIMGONI,20,-42.71621466,-43.76640822,0.509176587,0.267181091,13.7965,1064.503144,94.12166
FBL_Supernova,FBL,Supernova,20,1.565109253,-61.14056766,0.586235087,0.146122685,22.340427,1135.13852,73.07606
DUEL_TonyV,DUEL,TonyV,20,11.54499849,-40.85185814,0.690030926,0.226172541,24.373583,565.525805,80.11631
64UP_Hoshi,64UP,Hoshi,20,-22.80565948,-10.35685274,0.611604493,0.234276452,31.0219,645.9171222,76.72989
ATC_maaro,ATC,maaro,20,-23.40940571,-52.81436257,0.663283088,0.501404592,140.14825,1678.654264,78.18404
DGE_Monte,DGE,Monte,20,7.113077457,-48.8553808,0.644388767,0.28065701,57.888233,5037.768758,79.40257
EXO_TaylorJay,EXO,TaylorJay,20,-14.95224897,-45.72516385,0.683802856,0.410319339,34.564117,807.8543511,74.27157
64UP_Sociopath,64UP,Sociopath,20,-30.41718733,-36.37781203,0.647185534,0.231372137,68.50031,1742.535244,93.75051
WC_Keenan,WC,Keenan,20,-20.92767214,-39.20992801,0.695419635,0.393414275,141.79236,1392.189708,91.95009
EXO_PATKAPS,EXO,PATKAPS,20,0.943340486,-33.58477334,0.570099729,0.316300227,44.2451,1582.939636,80.06735
EXO_Poonage,EXO,Poonage,20,-29.04719949,-49.76868318,0.608227038,0.351213327,75.893936,2892.669636,72.53083
WC_Sharpshot4k,WC,Sharpshot4k,20,5.009450797,-40.16044712,0.466757203,0.470876048,32.27494,6132.208564,65.21394
LBR_Lush,LBR,Lush,20,26.81211196,-58.43040094,0.596113917,0.319453405,8.009556,2216.125035,68.607506
WC_jazza,WC,jazza,20,-25.6353749,-53.20981216,0.661388763,0.343661547,130.4094,3061.296731,64.638336
T8_BeaMz,T8,BeaMz,20,-6.170000076,-63.97120857,0.559205005,0.229305835,21.542,2046.203544,67.15412
WC_pentalol,WC,pentalol,20,-10.62420283,-40.02924692,0.59518177,0.517972987,32.941,1798.422119,52.328117
ATH_Darth,ATH,Darth,20,-36.9226347,-37.76311131,0.67936786,0.444365738,83.8283,576.6880358,77.03825
FBL_Tanaka,FBL,Tanaka,20,-15.20231559,-45.65297553,0.582261129,0.347163694,63.684635,2855.917711,67.386246
ATH_Mardones,ATH,Mardones,20,-6.106428146,-40.64617847,0.504810235,0.120192308,45.637573,1284.645308,84.19815
OATH_wo1f,OATH,wo1f,20,8.963897705,-61.282894,0.607377144,0.476638854,14.446333,1394.827917,73.272705
EXO_DrasseL,EXO,DrasseL,20,25.37500051,-37.09262406,0.529628122,0.371050409,55.671066,1703.455836,68.62972
T8_Grisly,T8,Grisly,20,-18.2056972,-30.33908621,0.604894731,0.472316641,44.293903,996.3771289,80.44533
ILL_Icyflex,ILL,Icyflex,20,-14.55575156,-51.41210375,0.582715794,0.346641091,80.65131,2713.461264,78.53304
GE_JaeYoung,GE,JaeYoung,20,-12.15516099,-57.03277133,0.617273846,0.274839865,86.60035,1783.499011,79.57754
GE_ALyu,GE,ALyu,20,-14.27756241,-53.56131554,0.500609405,0.36508474,54.770714,3688.649193,76.78949
FTF_tedeeyy,FTF,tedeeyy,20,-7.894066691,-49.19593384,0.493946167,0.470485696,32.4885,1763.306437,50.393925
XS_MeoU,XS,MeoU,20,-28.36882836,-52.75144396,0.603243955,0.480730335,35.018787,761.3504925,87.3791
MG_Valakz,MG,Valakz,20,-14.73599949,-19.74828211,0.692898207,0.199891068,27.3515,1443.896879,74.29473
DxG_NBK,DxG,NBK,20,-4.796740294,-32.97515076,0.559571978,0.508404486,124.46663,5211.564426,88.01156
SQ_Pr0phie,SQ,Pr0phie,20,-5.427112579,-9.02757136,0.589063033,0.389304572,59.545647,2106.763568,74.821
SNO_SneakAttack,SNO,SneakAttack,20,-17.84973876,-61.19506786,0.570687257,0.284114131,32.25689,2173.018098,84.60887
RAD_Baddylul,RAD,Baddylul,20,-20.83168927,-37.48654729,0.615234576,0.316405896,30.319647,1359.227032,57.16386
S1_Inn8,S1,Inn8,20,4.368483283,-13.69384688,0.555630309,0.470935558,42.908684,3897.410276,54.229633
COM_Subzero,COM,Subzero,20,-18.98747349,-41.04283345,0.677679644,0.26843192,127.41428,1755.901557,74.300476
SNO_Mitchieboi,SNO,Mitchieboi,20,14.97381064,-31.75126477,0.532215199,0.140350877,6.6523075,942.7951159,80.60601
CG_Delta,CG,Delta,20,-5.225642934,-43.92235733,0.669601078,0.509602286,69.21577,1035.201009,94.14532
TC_Nitrogen,TC,Nitrogen,20,-12.48699951,-42.66098387,0.493209446,0.351727347,54.2318,3591.871841,67.6709
SNO_Crawfresh,SNO,Crawfresh,20,-25.91557592,-38.69836769,0.626689727,0.355436285,57.62607,1386.275375,66.83181
MAO_Top1Sever,MAO,Top1Sever,20,-29.42888896,-45.42147423,0.639199085,0.235596839,54.669777,2285.674738,75.47985
GC_TeenoiPpt,GC,TeenoiPpt,20,-17.07116909,-35.89999938,0.58011186,0.465705509,114.36015,2025.008249,57.77745
GB_Ch1nh,GB,Ch1nh,20,-21.81803407,-53.74226048,0.678437282,0.20112782,44.883057,1260.693644,90.711784
E365_yzkeJ,E365,yzkeJ,20,-26.40381006,-58.33803368,0.586467684,0.388312006,155.86385,1746.583455,66.38423
DIC_JJLeo,DIC,JJLeo,20,-28.62222205,-42.37357499,0.508321308,0.163398693,20.788221,2155.03556,81.6659
CNG_Rain,CNG,Rain,20,-10.36363636,-66.82822122,0.49708567,0.370195033,21.427635,3479.933518,65.00143
MAO_Jettt,MAO,Jettt,20,-18.40067233,-64.27634738,0.650385299,0.414491758,58.85835,1957.286376,70.16732
BG_Mrchann,BG,Mrchann,20,-25.07319269,-54.56520284,0.556289238,0.459340141,42.859,3547.778462,70.3423
QC_Jayers,QC,Jayers,20,-10.22361151,-61.73186905,0.578135857,0.414157986,81.124374,2898.374455,71.441154
CNG_monty,CNG,monty,20,-14.01111094,-41.05349817,0.566232841,0.319861111,14.126888,4472.239395,55.826366
DAY_maitee,DAY,maitee,20,-11.16666667,-40.02565066,0.594376162,0.28347728,63.568165,3300.404565,62.21878
DV_NamC,DV,NamC,20,-11.19700336,-49.80700659,0.620498498,0.359072087,42.43675,1131.643664,72.91878
DV_Nickyyy,DV,Nickyyy,20,-2.539253928,-53.71472775,0.627320925,0.477166641,50.473545,996.7955428,80.54238
E365_Vandal9,E365,Vandal9,20,-1.866664886,-54.32513946,0.520290213,0.37539097,36.796497,1670.30665,60.098633
GB_JEnd,GB,JEnd,20,-32.31696599,-64.99374161,0.607535079,0.391447876,49.357334,714.0940543,90.65827
BG_ShinRyuji,BG,ShinRyuji,20,-44.76857076,-64.98301237,0.631891714,0.419114235,240.63028,6184.120285,61.214962
E365_Ma4nn,E365,Ma4nn,20,-37.44830019,-61.51777874,0.61770628,0.409358671,76.16706,1256.722129,73.745316
MAO_GGakon,MAO,GGakon,20,-27.70627711,-51.05386519,0.522864581,0.435359432,21.329,3215.703051,51.916626
GC_TongK,GC,TongK,20,-5.422091579,-43.33761685,0.587689015,0.504462686,18.0593,1140.415818,54.498547
BG_Artgod,BG,Artgod,20,-12.65059955,-46.38060527,0.568610353,0.263017568,67.314156,1906.622715,74.54081
BG_myboiiiii,BG,myboiiiii,20,-30.67357874,-55.48614633,0.57973132,0.224934124,139.37718,684.2611611,78.716034
MAO_NgocTan,MAO,NgocTan,20,-15.87695045,-42.14415808,0.532273041,0.419582378,16.28305,960.6832822,60.695232
QC_Jowman,QC,Jowman,20,-9.950657694,-25.91346438,0.514078777,0.380163431,70.45116,1864.292248,72.81999
GC_SixSackz,GC,SixSackz,20,-12.28817876,-42.08653801,0.540488203,0.37613689,26.054417,2842.303827,53.28357
DIC_74L1,DIC,74L1,20,-32.29583282,-50.52972447,0.70976441,0.433826186,154.76726,786.8002886,68.777084
GB_Why8,GB,Why8,20,-21.36903229,-66.18451284,0.546845552,0.476947425,16.48932,1730.034069,70.64231
MSC_ELONIX,MSC,ELONIX,20,-14.88432397,-52.66255617,0.353869048,0.457470459,0.8704445,9313.59,38.01258
CNG_6RYN,CNG,6RYN,20,-20.32402973,-52.33912722,0.671047541,0.244563669,97.3229,2496.113055,62.100296
DAY_Puuchiwz,DAY,Puuchiwz,20,-27.41299973,-60.02135353,0.645729496,0.278260675,59.3112,1630.866772,61.39882
QC_Gems,QC,Gems,20,-22.59864766,-65.22568049,0.614666781,0.427967961,98.78354,2025.210438,70.19574
QC_SviTT,QC,SviTT,20,-17.68692963,-41.15327358,0.561728041,0.415370809,38.673878,1228.887528,62.137478
DIC_AnhQuan,DIC,AnhQuan,20,-28.13960616,-47.69790535,0.665198239,0.213284493,93.513336,680.3151635,81.0543
KP_AKaN,KP,AKaN,20,-18.00431728,-63.2128231,0.536596901,0.315440821,129.02625,1509.470668,45.60423
